customer_id,agent_id,channel,skill_needed,priority,csat,aht,sla_met,assignment_prob
C94986,A005,voice,technical,low,0.7633712068574181,4.401301578669256,1,0.03333333333333333
C21165,A006,voice,vip,medium,0.8273362642685056,6.797920490255728,0,0.03333333333333333
C84362,A008,voice,vip,low,0.17344076578458173,10.395241652389226,0,0.03333333333333333
C86714,A010,voice,general,high,0.2038180860739133,5.8083330223546366,0,0.03333333333333333
C84794,A017,voice,technical,low,0.1293690117677183,4.161035007920286,1,0.03333333333333333
C70024,A022,voice,billing,low,0.33776462709387134,9.126742362924338,0,0.03333333333333333
C85817,A028,voice,sales,medium,0.0031928048269269232,7.8797771559116265,0,0.03333333333333333
C93544,A011,voice,technical,low,0.7563335036683787,3.285055210771386,1,0.03333333333333333
C45999,A025,voice,sales,medium,0.009957545024283532,9.120654899092951,0,0.03333333333333333
C64684,A001,voice,billing,vip,0.37611165549371717,10.113779120635279,0,0.03333333333333333
C78408,A004,voice,billing,low,0.1444462415537563,5.063243750263294,0,0.03333333333333333
C18121,A029,voice,technical,low,0.27126243892562674,12.676451089903704,0,0.03333333333333333
C58211,A021,voice,billing,high,0.3723715637194189,4.7562383059357565,1,0.03333333333333333
C14125,A024,voice,vip,high,0.08818634222368438,7.525617328241265,0,0.03333333333333333
C26436,A019,voice,vip,medium,0.0,6.918321798810394,0,0.03333333333333333
C57028,A027,voice,billing,medium,0.31132801341123373,8.676294217225099,0,0.03333333333333333
C79973,A023,voice,general,medium,0.40996874616969803,10.524946288294009,0,0.03333333333333333
C36493,A020,voice,technical,low,0.057241590806092785,8.835974972753538,0,0.03333333333333333
C75574,A009,voice,technical,high,0.003710032512778655,7.0953407301414115,0,0.03333333333333333
C46929,A000,voice,vip,vip,0.080704432956627,9.189043687672667,0,0.03333333333333333
C22739,A026,voice,technical,vip,0.8394103100063667,1.3323469727689068,1,0.03333333333333333
C42403,A004,chat,billing,medium,0.0,3.8658562857103314,0,0.03333333333333333
C78747,A009,email,technical,medium,0.22664818827118835,7.6315876608352475,1,0.03333333333333333
C14985,A005,email,general,medium,0.4024600969959027,10.852055023831404,1,0.03333333333333333
C55775,A004,chat,general,medium,0.25648421503005436,5.190928150200954,0,0.03333333333333333
C11503,A028,chat,vip,vip,0.22895172346669462,9.218640448680471,0,0.03333333333333333
C52205,A017,email,general,medium,0.1885757972467157,3.580192872491267,1,0.03333333333333333
C88928,A019,email,vip,high,0.11516903758120264,7.385395111512389,1,0.03333333333333333
C69218,A022,email,sales,medium,0.0018380744985108943,9.511232427000394,1,0.03333333333333333
C10376,A004,email,billing,low,0.0,4.719898108411941,1,0.03333333333333333
C24436,A028,email,technical,low,0.28497564683770543,6.36446811780557,1,0.03333333333333333
C78044,A008,email,vip,vip,0.14949705119686885,6.9865232298748206,1,0.03333333333333333
C30662,A017,chat,technical,medium,0.20722724682803198,6.557883882619942,0,0.03333333333333333
C47639,A019,email,vip,high,0.0,7.359496934117956,1,0.03333333333333333
C86986,A001,email,technical,low,0.2589808436925374,11.22039031563746,1,0.03333333333333333
C35247,A022,chat,general,medium,0.22227518561872348,7.775010217871416,0,0.03333333333333333
C93382,A017,chat,sales,medium,0.0,4.6923187226382925,0,0.03333333333333333
C27315,A017,chat,technical,vip,0.2749504351525124,3.213591577078269,0,0.03333333333333333
C71159,A026,chat,general,medium,0.1699864948569154,3.6334450046320015,0,0.03333333333333333
C74474,A015,email,billing,medium,0.5782878957975834,8.471716726147204,1,0.03333333333333333
C60757,A026,chat,vip,high,0.09813262836678563,4.734601852765676,0,0.03333333333333333
C79023,A026,email,general,medium,0.15652701017799725,4.988757019725604,1,0.03333333333333333
C24490,A004,chat,sales,medium,0.41045502613178164,4.373153061724052,0,0.03333333333333333
C75616,A013,chat,general,high,0.2895627695749285,11.005484065347943,0,0.03333333333333333
C24385,A022,chat,billing,medium,0.3336912208002012,9.49911307369748,0,0.03333333333333333
C15298,A022,chat,sales,medium,0.0,10.261595529433272,0,0.03333333333333333
C33725,A026,email,general,high,0.17796396949509344,2.669453007497482,1,0.03333333333333333
C68289,A008,email,technical,high,0.24146083736054144,10.083164629320777,1,0.03333333333333333
C29577,A026,chat,general,low,0.2517359173778575,3.332608010051998,0,0.03333333333333333
C28808,A029,email,technical,low,0.16322025366169854,9.021065762597972,1,0.03333333333333333
C89802,A005,chat,general,medium,0.24843060569190176,12.146057298790794,0,0.03333333333333333
C49926,A019,chat,vip,medium,0.06519961265118387,7.707669631802441,0,0.03333333333333333
C87089,A025,chat,sales,medium,0.19079773963798874,7.746945978728532,0,0.03333333333333333
C33930,A002,voice,vip,low,0.21388620278364331,11.630175180580373,0,0.03333333333333333
C19956,A007,voice,general,high,0.3307782607446841,11.915244331478206,0,0.03333333333333333
C96331,A014,voice,technical,medium,0.052144450647596194,8.38879074679993,0,0.03333333333333333
C71980,A012,voice,vip,low,0.5489712656385256,7.411426219620886,0,0.03333333333333333
C49128,A016,voice,billing,low,0.5473496753776032,5.102481125721812,0,0.03333333333333333
C19258,A003,voice,general,low,0.0,10.014487453209725,0,0.03333333333333333
C80885,A018,voice,general,low,0.0,10.602646313342392,0,0.03333333333333333
C34903,A001,email,billing,medium,0.2281910395807128,12.113888100544424,1,0.03333333333333333
C33602,A003,chat,technical,high,0.012307692166541512,11.85527191512567,0,0.03333333333333333
C55240,A018,chat,general,low,0.0,10.309243795121532,0,0.03333333333333333
C63952,A015,chat,billing,medium,0.7682413162672068,9.25129817685788,0,0.03333333333333333
C14405,A018,chat,general,low,0.0,11.292315786383156,0,0.03333333333333333
C31184,A018,email,general,low,0.0,8.14084689213821,1,0.03333333333333333
C84202,A001,email,sales,low,0.19908228423088972,11.304511551294603,1,0.03333333333333333
C43059,A001,chat,billing,medium,0.23693655486728904,8.97681052911724,0,0.03333333333333333
C57250,A001,email,sales,low,0.3527133168424651,10.696643475783016,1,0.03333333333333333
C20125,A003,chat,vip,medium,0.7322411962992557,4.127893063069952,0,0.03333333333333333
C11919,A014,email,billing,low,0.20650794650454793,10.231274816720857,1,0.03333333333333333
C18523,A013,email,vip,low,0.03057843861154451,14.424545638768954,1,0.03333333333333333
C47786,A012,email,vip,medium,0.7869001172827077,6.186798902194176,1,0.03333333333333333
C55285,A007,email,general,medium,0.29994475806818965,10.312812948151592,1,0.03333333333333333
C85893,A018,chat,general,low,0.11946803884665337,8.63706862702011,0,0.03333333333333333
C18190,A001,chat,sales,low,0.2890877244597995,11.286453016253061,0,0.03333333333333333
C66937,A002,email,sales,medium,0.6935431697891096,6.779257731358051,1,0.03333333333333333
C68336,A014,chat,billing,low,0.25557870283816,8.500379708964022,0,0.03333333333333333
C97406,A001,chat,billing,high,0.3148002794200774,9.30229416439327,0,0.03333333333333333
C20213,A003,chat,general,medium,0.102583683596954,10.795978522095545,0,0.03333333333333333
C96015,A019,chat,vip,vip,0.34907133083211433,7.309520606184856,0,0.03333333333333333
C86464,A015,chat,billing,medium,0.7045713965002329,6.839142305772529,0,0.03333333333333333
C17467,A015,email,billing,medium,0.6449247873798258,9.11127787766856,1,0.03333333333333333
C18654,A002,chat,sales,low,0.4803646666837673,6.390479362648031,0,0.03333333333333333
C88253,A019,chat,vip,medium,0.0,7.364400433143025,0,0.03333333333333333
C77377,A015,chat,billing,medium,0.560827545124008,7.355715947326988,0,0.03333333333333333
C74656,A015,chat,billing,high,0.7180449788948864,9.399699350861637,0,0.03333333333333333
C61589,A002,email,sales,vip,0.7249176809804593,7.626913135196997,1,0.03333333333333333
C24424,A015,email,billing,medium,0.5724489869939885,10.326452698370664,1,0.03333333333333333
C85018,A015,email,billing,high,0.5796360174541416,8.204751929398848,1,0.03333333333333333
C16025,A002,email,general,low,0.22819436453333733,9.27882123226825,1,0.03333333333333333
C35652,A013,email,sales,medium,0.5761573643460993,9.562603656114185,1,0.03333333333333333
C31045,A013,email,general,high,0.1251189295560308,13.504907533458049,1,0.03333333333333333
C51166,A002,chat,billing,medium,0.18686403215415512,12.406050729825754,0,0.03333333333333333
C59772,A002,chat,billing,low,0.0,11.491553516648489,0,0.03333333333333333
C31199,A013,email,sales,low,0.4041041465489318,7.80466354591383,1,0.03333333333333333
C67160,A013,chat,sales,low,0.3598931716448314,10.637973905285262,0,0.03333333333333333
C73698,A019,chat,technical,high,0.25251221529171575,6.629132433622461,0,0.03333333333333333
C47519,A013,chat,sales,high,0.5029897806576645,10.142949646931534,0,0.03333333333333333
C55005,A002,email,vip,medium,0.03893355573432328,11.299670788502091,1,0.03333333333333333
C60107,A013,chat,sales,low,0.5080343820026405,7.487165783908152,0,0.03333333333333333
C41660,A012,email,billing,low,0.35940413846417596,13.391844049228155,1,0.03333333333333333
C28776,A019,email,sales,low,0.10889910218290647,6.242618485644566,1,0.03333333333333333
C35604,A012,chat,billing,low,0.24615582907563882,12.97398762404894,0,0.03333333333333333
C67828,A019,email,general,medium,0.1530988928621107,7.3898730188061545,1,0.03333333333333333
C80314,A012,email,billing,low,0.0,17.04782075554011,1,0.03333333333333333
C60068,A019,email,technical,medium,0.15921782344628,6.9387605922948055,1,0.03333333333333333
C17155,A019,email,technical,low,0.17344193487469084,5.254923294803911,1,0.03333333333333333
C45472,A019,email,vip,high,0.07612012265853865,7.222610453619287,1,0.03333333333333333
C45653,A012,email,billing,low,0.06865605117073961,10.240112600402163,1,0.03333333333333333
C16456,A012,email,billing,low,0.01030405798851125,11.968625662429599,1,0.03333333333333333
C73094,A012,email,general,low,0.6208954745265274,9.181570866072803,1,0.03333333333333333
C17131,A012,chat,vip,low,0.9267309545099987,5.068261604029114,0,0.03333333333333333
C59852,A012,chat,sales,low,0.36516880087729386,9.37084518488651,0,0.03333333333333333
C43146,A004,email,general,medium,0.0,4.687691799386359,1,0.03333333333333333
C52159,A004,email,vip,low,0.33192324203199336,5.024985733492571,1,0.03333333333333333
C64312,A004,email,billing,medium,0.05654958433209756,4.006330899166049,1,0.03333333333333333
C32826,A004,email,billing,low,0.006413864695953966,7.044768303416914,1,0.03333333333333333
C49602,A004,email,vip,high,0.3312719239075217,6.1509589806175615,1,0.03333333333333333
C50422,A008,email,sales,high,0.38343605412586834,6.601870388815701,1,0.03333333333333333
C46264,A008,email,technical,medium,0.18106789454751854,7.874567966208605,1,0.03333333333333333
C52186,A008,chat,vip,high,0.022784689798090313,9.892680528255012,0,0.03333333333333333
C55042,A008,chat,technical,low,0.0,8.598442458159798,0,0.03333333333333333
C54303,A008,chat,general,low,0.6564053653444427,2.569953610797862,1,0.03333333333333333
C37657,A008,email,billing,vip,0.39284087163021103,4.712125273475387,1,0.03333333333333333
C94288,A008,email,billing,low,0.13352746104938418,7.7036624576717205,1,0.03333333333333333
C95556,A008,email,sales,low,0.1550640927523613,6.619613721518095,1,0.03333333333333333
C90390,A024,voice,general,high,0.39828853087405774,6.297678006607717,0,0.03333333333333333
C90140,A024,chat,vip,medium,0.08157828692069168,6.677996083763627,0,0.03333333333333333
C80241,A024,chat,vip,medium,0.0,5.6560795826676555,0,0.03333333333333333
C68126,A024,email,billing,medium,0.3159560535098215,6.374019279121125,1,0.03333333333333333
C72409,A024,email,billing,high,0.38494821352928577,6.818251107015804,1,0.03333333333333333
C94323,A024,chat,general,vip,0.46750235866317824,5.824537104076967,0,0.03333333333333333
C94550,A024,email,general,low,0.23372828340916404,4.677803962910094,1,0.03333333333333333
C94456,A024,email,sales,low,0.6945443607368924,5.823170492601037,1,0.03333333333333333
C46192,A024,email,vip,vip,0.17876089905358467,8.325914446717087,1,0.03333333333333333
C80673,A018,email,general,high,0.09796761919593822,7.840487050539699,1,0.03333333333333333
C38526,A028,email,sales,low,0.050047917717800386,5.704760134292318,1,0.03333333333333333
C80923,A028,email,technical,medium,0.2445660231246207,6.945634378774725,1,0.03333333333333333
C82468,A028,email,technical,high,0.3395712261066479,7.187623641333385,1,0.03333333333333333
C55777,A028,email,sales,medium,0.11094228905952097,8.502317379562157,1,0.03333333333333333
C52902,A028,email,billing,low,0.0,8.3138769872442,1,0.03333333333333333
C88343,A028,chat,vip,low,0.1814049722337185,6.720656144563579,0,0.03333333333333333
C52962,A028,chat,vip,low,0.03676934546162734,7.101480821314552,0,0.03333333333333333
C20594,A028,chat,billing,low,0.09444187251335665,7.235617071733042,0,0.03333333333333333
C86844,A018,email,technical,medium,0.42111129410337234,5.889634126038236,1,0.03333333333333333
C46581,A018,email,technical,low,0.510739386819444,6.213458153229161,1,0.03333333333333333
C56062,A018,email,billing,vip,0.6396858237808214,7.1782046637879695,1,0.03333333333333333
C39213,A018,email,billing,medium,0.5877355013837827,4.333914907378692,1,0.03333333333333333
C68681,A009,voice,vip,vip,0.16816435304233374,7.428060860528321,0,0.03333333333333333
C11822,A021,voice,sales,low,0.10712696683377172,6.160245194901447,0,0.03333333333333333
C91143,A009,email,technical,medium,0.09099709815321848,8.582859783279401,1,0.03333333333333333
C11211,A009,email,technical,medium,0.052081913688589,6.364968956261195,1,0.03333333333333333
C49640,A009,chat,vip,high,0.3098914387242412,6.1850894101384455,0,0.03333333333333333
C89455,A021,chat,sales,high,0.20272637776277003,4.115515062359075,0,0.03333333333333333
C15699,A021,chat,general,low,0.15311134462261977,3.2595037014989154,0,0.03333333333333333
C29589,A009,email,general,medium,0.3741143212859805,6.751003970653027,1,0.03333333333333333
C62241,A021,email,general,medium,0.18269925539732365,5.70989631112365,1,0.03333333333333333
C13610,A021,email,vip,low,0.00503461077162938,3.9362437915447286,1,0.03333333333333333
C54554,A021,email,general,high,0.29984965820867937,3.639423768102149,1,0.03333333333333333
C54705,A021,chat,general,low,0.13103922126076323,3.6309724460594595,0,0.03333333333333333
C59164,A009,email,billing,vip,1.0,3.384320825311854,1,0.03333333333333333
C29089,A021,email,billing,medium,0.2598128119258859,3.9400736181238236,1,0.03333333333333333
C51044,A009,email,vip,medium,0.0,6.043509731653049,1,0.03333333333333333
C76800,A021,email,general,vip,0.3896755095616977,6.082507069290122,1,0.03333333333333333
C26487,A009,chat,vip,medium,0.07462308746545666,6.6564866764922215,0,0.03333333333333333
C28875,A009,chat,billing,high,0.6001826316844261,4.1215292249508,0,0.03333333333333333
C89292,A010,voice,billing,low,0.4737177868156309,5.614344150438282,0,0.03333333333333333
C31909,A010,email,sales,medium,0.34463320772553097,5.466637892981946,1,0.03333333333333333
C28548,A010,email,general,high,0.2390654863514323,7.288725933297256,1,0.03333333333333333
C39243,A010,chat,general,medium,0.31915190115854813,6.979563708239768,0,0.03333333333333333
C31919,A010,chat,sales,low,0.09511761409904537,4.516483080707535,0,0.03333333333333333
C34747,A010,email,vip,medium,0.49038099714314604,4.074468785030737,1,0.03333333333333333
C77484,A010,chat,general,vip,0.438738579664981,6.657812119805253,0,0.03333333333333333
C31446,A010,email,technical,medium,0.22676992447544175,4.837105019583948,1,0.03333333333333333
C59592,A010,email,general,medium,0.14950409990865474,4.982836542050235,1,0.03333333333333333
C47979,A011,voice,vip,low,0.3153660659342234,5.79091470825701,0,0.03333333333333333
C87030,A014,voice,technical,medium,0.0685632199978507,9.4851386035207,0,0.03333333333333333
C99657,A005,voice,general,low,0.21788787872532467,15.003470760768927,0,0.03333333333333333
C70149,A023,voice,general,medium,0.10606435967249163,8.181555490162902,0,0.03333333333333333
C51990,A023,chat,sales,high,0.28206280136801787,9.921690950930634,0,0.03333333333333333
C47397,A005,chat,billing,high,0.23244708838570766,10.332415139932932,0,0.03333333333333333
C28571,A023,email,sales,high,0.2175024547873065,12.455169989277607,1,0.03333333333333333
C56799,A003,email,technical,low,0.01044350849391987,11.983405133849242,1,0.03333333333333333
C91653,A011,email,technical,low,0.8637914300713844,2.2433727311869105,1,0.03333333333333333
C22398,A011,email,technical,low,0.7081980260778835,3.134394218732366,1,0.03333333333333333
C30198,A011,chat,technical,medium,0.6471082867603264,3.6009614033301247,0,0.03333333333333333
C94774,A011,chat,technical,low,0.7472003099833097,2.5775239119068956,1,0.03333333333333333
C96461,A011,chat,technical,high,0.9366460579459426,3.240372880408424,0,0.03333333333333333
C80003,A005,email,billing,vip,0.3038814613930214,12.857139289508245,1,0.03333333333333333
C65839,A011,email,vip,low,0.1448303014624069,6.1796725847131615,1,0.03333333333333333
C32871,A023,email,vip,high,0.3238733953504514,10.075636886518184,1,0.03333333333333333
C72175,A005,chat,billing,low,0.5082650936683609,11.890329007262489,0,0.03333333333333333
C51413,A005,chat,technical,low,0.7963144429836237,4.61354334012901,0,0.03333333333333333
C22387,A023,chat,sales,low,0.0,9.871243369742178,0,0.03333333333333333
C63101,A023,chat,vip,low,0.27440298616643244,8.03053009453582,0,0.03333333333333333
C53676,A011,email,vip,medium,0.28804887974713833,5.603074433927594,1,0.03333333333333333
C32100,A005,email,general,low,0.0,15.427335581763703,1,0.03333333333333333
C11022,A014,chat,billing,high,0.27847216544521325,10.166082221511994,0,0.03333333333333333
C58006,A014,chat,sales,medium,0.12408673100333731,8.449430168866249,0,0.03333333333333333
C38116,A014,chat,sales,medium,0.2168448010910042,7.552683666031011,0,0.03333333333333333
C77478,A029,voice,technical,low,0.09665122373859661,9.047153861261231,0,0.03333333333333333
C23523,A029,chat,technical,medium,0.2176326861122912,10.701421372705717,0,0.03333333333333333
C89088,A003,email,technical,low,0.10849797093976637,10.678235558126284,1,0.03333333333333333
C11678,A003,email,technical,low,0.0474612151515246,11.70419455836741,1,0.03333333333333333
C70707,A029,email,billing,low,0.27849107829113967,9.612369658897586,1,0.03333333333333333
C31097,A029,chat,billing,high,0.3928270206522626,8.83837496684615,0,0.03333333333333333
C21747,A029,email,technical,medium,0.0666860029541242,8.416606147756033,1,0.03333333333333333
C41137,A029,email,vip,vip,0.23121962422554082,11.557708929815583,1,0.03333333333333333
C14214,A029,email,sales,low,0.5989018663157606,4.90272285359841,1,0.03333333333333333
C43200,A029,chat,technical,low,0.0,12.205445182607015,0,0.03333333333333333
C14801,A029,email,sales,low,0.7961719432300858,5.853798682439063,1,0.03333333333333333
C21510,A003,email,billing,vip,0.22633988792207865,7.680228962847676,1,0.03333333333333333
C44805,A003,email,general,medium,0.028873792244768992,10.186056803816633,1,0.03333333333333333
C74790,A003,email,billing,high,0.3098718352632581,11.399843471966152,1,0.03333333333333333
C51941,A021,chat,billing,high,0.31275068724912114,4.544611177334845,0,0.03333333333333333
C34986,A021,chat,vip,medium,0.24330579420385115,3.975821973054614,0,0.03333333333333333
C19787,A021,chat,technical,high,0.3890073512239654,2.43354040249735,1,0.03333333333333333
C60431,A017,chat,sales,high,0.25856753337571464,4.448161324422747,0,0.03333333333333333
C37797,A017,email,technical,low,0.22311033322608825,4.195981245684169,1,0.03333333333333333
C19073,A017,chat,general,low,0.2704744262117763,3.6824203007789835,0,0.03333333333333333
C85832,A017,chat,general,high,0.28292342910138224,4.76345178268392,0,0.03333333333333333
C22652,A017,email,general,low,0.21160958345978242,4.843534851163427,1,0.03333333333333333
C85530,A017,email,sales,low,0.16197765647211265,3.1878713320543524,1,0.03333333333333333
C55977,A017,email,billing,vip,0.8833712582600634,2.2326284126988574,1,0.03333333333333333
C40768,A017,email,technical,low,0.004824945645508581,5.0788895366646925,1,0.03333333333333333
C12182,A019,chat,technical,medium,0.06991638557927038,7.105645732540879,0,0.03333333333333333
C72396,A019,chat,general,high,0.3515597816217168,7.5548638051467965,0,0.03333333333333333
C40499,A019,chat,general,high,0.3785266699895138,8.034612866859646,0,0.03333333333333333
C48674,A023,email,technical,medium,0.12321433316506646,7.611099251307201,1,0.03333333333333333
C29454,A023,email,general,medium,0.12631057130444132,7.719932265416077,1,0.03333333333333333
C97842,A028,chat,vip,low,0.0006844834047515375,6.7331167715895335,0,0.03333333333333333
C85500,A023,email,sales,low,0.0,9.0367047287568,1,0.03333333333333333
C87592,A023,email,general,vip,0.2993498472379205,14.219110267153452,1,0.03333333333333333
C94580,A023,email,vip,low,0.45832730185842874,9.636923590854261,1,0.03333333333333333
C32053,A028,chat,sales,low,0.07837540249849027,7.292172654541595,0,0.03333333333333333
C89853,A028,chat,technical,medium,0.14038455549731327,7.884797009446383,0,0.03333333333333333
C63070,A000,voice,technical,vip,0.32717277352044294,6.36775740226316,0,0.03333333333333333
C46456,A000,email,sales,medium,0.23755312790464178,6.9961393082375,1,0.03333333333333333
C64086,A000,email,vip,high,0.0,8.572230787251504,1,0.03333333333333333
C75308,A000,email,sales,medium,0.39233697227848685,8.188866219632853,1,0.03333333333333333
C35702,A000,chat,sales,low,0.046228277119285635,6.309385653760614,0,0.03333333333333333
C34504,A000,email,technical,high,0.5002889693715986,5.066965817955589,1,0.03333333333333333
C62777,A000,email,billing,low,0.17451831603707993,6.730750997862383,1,0.03333333333333333
C89329,A000,chat,technical,medium,0.44258402219936177,5.850517504550251,0,0.03333333333333333
C57879,A000,chat,sales,medium,0.047377333993723625,7.445582291922835,0,0.03333333333333333
C79354,A026,chat,general,high,0.23225151316284595,4.588829894127402,0,0.03333333333333333
C27949,A026,chat,general,low,0.17524166840268937,4.024905179398129,0,0.03333333333333333
C92637,A026,chat,general,medium,0.36803177740495796,2.9070746551885276,1,0.03333333333333333
C87183,A023,chat,technical,vip,0.4305974175274373,8.245383227630388,0,0.03333333333333333
C99133,A023,chat,sales,low,0.0,13.049053822593311,0,0.03333333333333333
C44611,A023,chat,technical,medium,0.23887596406830727,8.544937555245166,0,0.03333333333333333
C87968,A027,voice,sales,low,0.48210901703039755,3.213748141032686,1,0.03333333333333333
C27242,A027,email,general,medium,0.005505797151646598,6.12215737265591,1,0.03333333333333333
C74846,A027,chat,sales,high,0.6496610052046956,4.54027725645192,0,0.03333333333333333
C26055,A027,email,general,medium,0.0,9.119004832636593,1,0.03333333333333333
C80223,A027,email,sales,low,0.5345029010668176,3.3498864881225643,1,0.03333333333333333
C13095,A027,email,sales,medium,0.36541380164434933,3.286011281550648,1,0.03333333333333333
C84782,A027,email,general,high,0.2853203421325541,8.930905056578236,1,0.03333333333333333
C45261,A027,chat,vip,vip,0.26348800145953455,7.35427745163254,0,0.03333333333333333
C25630,A027,chat,sales,medium,0.5592980095555399,3.3976594077568536,0,0.03333333333333333
C41410,A001,chat,sales,medium,0.3987472053618811,10.295468768452386,0,0.03333333333333333
C53500,A001,chat,billing,high,0.1481019520278215,12.738967759248368,0,0.03333333333333333
C29566,A001,chat,general,low,0.9026473943140314,4.457609367213378,0,0.03333333333333333
C17599,A005,email,billing,high,0.1949303735038792,10.499217632315867,1,0.03333333333333333
C43007,A005,chat,billing,high,0.35406739602875126,11.966820557611975,0,0.03333333333333333
C66062,A005,email,technical,vip,0.7687556472523709,6.349251102614857,1,0.03333333333333333
C66685,A005,email,billing,low,0.16334383200177496,11.562504013247672,1,0.03333333333333333
C69563,A005,chat,technical,high,0.8437949413278095,5.45226175119358,0,0.03333333333333333
C50611,A005,email,technical,high,0.8852359716719873,5.511438797057508,1,0.03333333333333333
C36369,A005,chat,technical,high,0.7013279738774676,6.703873603572163,0,0.03333333333333333
C19357,A005,email,vip,low,0.1729644260401669,10.07167675480218,1,0.03333333333333333
C15372,A010,chat,technical,high,0.3330039057711572,6.318797508911892,0,0.03333333333333333
C73893,A010,chat,sales,vip,0.28891551444847385,5.07501976502936,0,0.03333333333333333
C73985,A010,chat,technical,low,0.33236520338702324,5.367548340605499,0,0.03333333333333333
C32340,A024,chat,billing,low,0.2179172784764818,5.517512086095946,0,0.03333333333333333
C24276,A024,chat,billing,vip,0.28756817396247636,5.472081639033468,0,0.03333333333333333
C43477,A028,chat,billing,low,0.0,7.475094965319009,0,0.03333333333333333
C17905,A028,chat,sales,medium,0.037243738297650535,6.040875109678111,0,0.03333333333333333
C13206,A024,chat,billing,medium,0.1502786377842791,6.191343736606514,0,0.03333333333333333
C50206,A028,chat,technical,medium,0.10257250960029542,5.422803870945322,0,0.03333333333333333
C88530,A018,chat,sales,low,0.2702644593993319,9.985018985305757,0,0.03333333333333333
C58400,A018,chat,sales,low,0.2225847877030413,7.992098311912368,0,0.03333333333333333
C55016,A018,chat,general,vip,0.08471062608656432,8.00859796377152,0,0.03333333333333333
C85716,A020,voice,technical,medium,0.31088169356630574,13.921727776842435,0,0.03333333333333333
C16526,A020,email,technical,low,0.056403281138790895,12.833458845049968,1,0.03333333333333333
C27245,A020,chat,technical,high,0.3538187228400521,12.053212051029845,0,0.03333333333333333
C69581,A008,chat,technical,medium,0.1765848818769876,8.981579085351378,0,0.03333333333333333
C25518,A020,chat,general,low,0.8827479076412834,5.365651097504024,0,0.03333333333333333
C77115,A020,email,technical,vip,0.15780812891555862,9.48822207484034,1,0.03333333333333333
C34526,A020,email,technical,medium,0.0,9.493146686595356,1,0.03333333333333333
C83193,A020,chat,technical,high,0.23190936011580476,12.028716816557306,0,0.03333333333333333
C49567,A008,chat,technical,high,0.10362756334960274,6.90166383490376,0,0.03333333333333333
C27662,A008,chat,billing,medium,0.22150793977834013,8.3184689882257,0,0.03333333333333333
C29375,A020,email,general,high,1.0,3.6971191497497924,1,0.03333333333333333
C91399,A020,email,general,low,0.8625573783080454,2.9110456101341664,1,0.03333333333333333
C49368,A026,email,general,vip,0.30676567524641507,4.668477366047631,1,0.03333333333333333
C14279,A026,email,sales,medium,0.6178312090088303,2.101123226893694,1,0.03333333333333333
C77217,A026,email,sales,high,0.564422881616488,4.409236561018104,1,0.03333333333333333
C67535,A026,email,billing,low,0.5294618530183774,2.8149610422511766,1,0.03333333333333333
C69655,A026,email,billing,low,0.2940405228299122,3.028647867371076,1,0.03333333333333333
C24747,A016,voice,billing,vip,0.6292681108220763,6.299215663611227,0,0.03333333333333333
C30138,A024,chat,billing,low,0.14595421009741533,6.202252837254952,0,0.03333333333333333
C59864,A024,chat,billing,medium,0.3472683490650651,6.451719737430119,0,0.03333333333333333
C31372,A024,chat,billing,low,0.1823651553251339,6.407369522749798,0,0.03333333333333333
C78423,A016,email,billing,medium,0.5815551208413976,6.361126187924272,1,0.03333333333333333
C14954,A016,email,billing,medium,0.7299914322904748,6.156769915557702,1,0.03333333333333333
C65731,A016,email,billing,medium,0.7232227496125327,6.011371114358142,1,0.03333333333333333
C12730,A016,chat,billing,medium,0.6637963207790961,5.419839866712137,0,0.03333333333333333
C23146,A016,chat,vip,medium,0.2608370684175785,13.03934273590813,0,0.03333333333333333
C29938,A016,email,billing,medium,0.5663553309715781,6.651408294860864,1,0.03333333333333333
C64492,A016,email,technical,low,0.1492182466954439,16.009494812190333,1,0.03333333333333333
C58643,A016,chat,billing,low,0.6467742896035787,5.403509458199854,0,0.03333333333333333
C83015,A022,email,sales,medium,0.18819485131067487,11.746368344019519,1,0.03333333333333333
C82276,A022,email,technical,low,0.04146988081582245,9.225987892100635,1,0.03333333333333333
C93173,A022,chat,technical,low,0.2632921441932412,9.543877394476095,0,0.03333333333333333
C58352,A022,chat,general,medium,0.24309613012853115,8.077222914439089,0,0.03333333333333333
C27679,A022,chat,technical,vip,0.22006592151296434,12.286916183655805,0,0.03333333333333333
C91805,A022,email,technical,low,0.2810736069725246,11.394300451632748,1,0.03333333333333333
C91686,A022,email,sales,low,0.25740748436568733,9.948427260109987,1,0.03333333333333333
C62836,A022,email,general,vip,0.31874299100062853,9.972627572626527,1,0.03333333333333333
C62733,A002,chat,technical,medium,0.06401864566974808,12.040682618282847,0,0.03333333333333333
C17092,A002,chat,sales,vip,0.6885423268209915,6.006501516858338,0,0.03333333333333333
C68542,A002,chat,billing,high,0.23012637479961193,11.821799042926159,0,0.03333333333333333
C26854,A014,chat,billing,low,0.02568942887656568,9.38471952917193,0,0.03333333333333333
C36374,A014,chat,technical,low,0.14041438668066897,9.819618898331697,0,0.03333333333333333
C71842,A014,email,billing,low,0.14313507201515727,7.987654266195482,1,0.03333333333333333
C40963,A014,chat,billing,medium,0.2649390885839672,10.14252461276446,0,0.03333333333333333
C91822,A014,email,general,low,0.11681470681087008,7.285919265430706,1,0.03333333333333333
C59724,A014,email,general,medium,0.15771000442828353,8.027396772419833,1,0.03333333333333333
C25810,A014,email,vip,low,0.33336928085063705,5.171239713636441,1,0.03333333333333333
C96402,A014,email,vip,medium,0.5259824966529836,6.571577722705379,1,0.03333333333333333
C38475,A019,chat,vip,high,0.007256957642217357,8.089324059280806,0,0.03333333333333333
C85882,A019,chat,vip,low,0.07839817390154331,8.09689339192478,0,0.03333333333333333
C99876,A019,chat,vip,low,0.06350181823928376,8.06367907268383,0,0.03333333333333333
C12745,A021,chat,vip,low,0.011360583450167133,6.32034856196433,0,0.03333333333333333
C94173,A021,chat,billing,high,0.3169243854948895,5.293449513043264,0,0.03333333333333333
C18344,A021,chat,billing,low,0.24964863738847076,3.6018310542336494,0,0.03333333333333333
C71345,A007,voice,general,medium,0.39712621946324744,11.762273449485782,0,0.03333333333333333
C85313,A007,chat,billing,medium,0.06541151646344967,9.855269431951271,0,0.03333333333333333
C80003,A007,email,billing,vip,0.24860473364597735,10.76227223274703,1,0.03333333333333333
C61806,A007,email,general,vip,0.3220235130561276,11.432448778382268,1,0.03333333333333333
C30973,A007,email,technical,medium,0.6292885725588375,10.07128411031738,1,0.03333333333333333
C32287,A007,chat,general,medium,0.29947394193569565,8.679706239226796,0,0.03333333333333333
C53659,A007,chat,sales,medium,0.25144376729519236,6.511302531632827,0,0.03333333333333333
C39527,A007,email,technical,medium,0.38694975772567375,7.898499748955571,1,0.03333333333333333
C71210,A007,email,sales,low,0.34659902445992413,8.68717442649287,1,0.03333333333333333
C55073,A004,chat,billing,medium,0.0,5.108473196154554,0,0.03333333333333333
C36008,A004,chat,billing,medium,0.03739152857423147,5.2138118272447285,0,0.03333333333333333
C28687,A004,chat,billing,high,0.12186416519444475,4.926550988621516,0,0.03333333333333333
C94953,A000,chat,vip,medium,0.17901865512551757,6.680720511925317,0,0.03333333333333333
C59269,A000,chat,vip,low,0.0,8.373157396648793,0,0.03333333333333333
C72759,A000,chat,technical,vip,0.36405614624383775,5.678240927639566,0,0.03333333333333333
C24318,A012,chat,technical,high,0.19309929969841835,13.371155529372036,0,0.03333333333333333
C31179,A012,chat,technical,medium,0.1876219644533992,12.691496395410732,0,0.03333333333333333
C49467,A012,chat,vip,medium,0.7695905137787596,6.063393627866309,0,0.03333333333333333
C33405,A017,chat,technical,low,0.13494885646009497,3.5988329742998726,0,0.03333333333333333
C79784,A017,chat,billing,medium,0.7266349285560475,1.6525023393151907,1,0.03333333333333333
C54592,A017,chat,billing,low,0.75997903903987,1.9432226998248217,1,0.03333333333333333
C79397,A020,chat,sales,low,0.017928765994832195,10.022818718084459,0,0.03333333333333333
C41226,A020,chat,technical,medium,0.2792710398257273,9.13874874671155,0,0.03333333333333333
C99283,A020,chat,general,low,0.9408353832748019,5.5295361050442615,0,0.03333333333333333
C96367,A014,chat,general,high,0.3892172872221034,8.011718168958707,0,0.03333333333333333
C25043,A014,chat,vip,medium,0.39784810156628037,6.726301566328161,0,0.03333333333333333
C70747,A014,chat,vip,high,0.3236417512098612,6.283013561817617,0,0.03333333333333333
C61844,A009,email,vip,low,0.12099215245228963,7.9786400430732884,1,0.03333333333333333
C30004,A021,email,sales,medium,0.21933435664379403,4.148740623438004,1,0.03333333333333333
C55911,A009,email,vip,low,0.014478932519545379,7.783241941318247,1,0.03333333333333333
C78921,A009,email,technical,low,0.0002042405656313001,6.9714205836496195,1,0.03333333333333333
C87896,A021,email,vip,medium,0.29026620642668,4.83797741258504,1,0.03333333333333333
C86278,A009,email,vip,low,0.27774507651139435,6.723455666647706,1,0.03333333333333333
C41174,A009,email,general,low,0.15562984493269155,5.460847239313393,1,0.03333333333333333
C62743,A021,email,sales,low,0.12507377424164554,3.792650945527602,1,0.03333333333333333
C70459,A026,chat,billing,high,0.3356035395387456,2.878280901227755,1,0.03333333333333333
C63388,A026,chat,technical,medium,0.6761760436752305,2.717982787450881,1,0.03333333333333333
C79700,A026,chat,technical,low,0.6684554515034272,2.6175651579646066,1,0.03333333333333333
C70188,A021,email,general,vip,0.33236271905508674,5.003588283859887,1,0.03333333333333333
C29798,A021,email,billing,medium,0.24684326342449092,5.085851720097894,1,0.03333333333333333
C72906,A001,chat,general,low,0.9627128651056346,4.143147007368512,0,0.03333333333333333
C88910,A001,chat,sales,high,0.20573335256385689,14.513245609477163,0,0.03333333333333333
C62181,A018,email,sales,medium,0.059839628835639314,7.387768971604948,1,0.03333333333333333
C43925,A001,chat,general,high,0.9873539879717436,3.655776641617075,0,0.03333333333333333
C16722,A018,email,vip,vip,0.48022999003777933,8.602723304725503,1,0.03333333333333333
C56735,A018,email,vip,low,0.16635676310186448,6.3953099876832376,1,0.03333333333333333
C40799,A018,email,sales,low,0.2204610159906455,6.557162764833019,1,0.03333333333333333
C59257,A018,email,billing,low,0.4888816235426843,6.051465442599367,1,0.03333333333333333
C72214,A028,chat,vip,medium,0.0,6.4132449520322945,0,0.03333333333333333
C67922,A028,chat,vip,high,0.11589016441246519,6.7079379515405435,0,0.03333333333333333
C79305,A028,chat,vip,medium,0.08704556608781333,8.672344038877537,0,0.03333333333333333
C44630,A023,chat,technical,vip,0.4499205701728058,9.369666327226328,0,0.03333333333333333
C20061,A023,chat,billing,low,0.3541394808146867,6.2006336203062,0,0.03333333333333333
C11546,A023,chat,vip,low,0.19253310571424243,9.75458906479778,0,0.03333333333333333
C79935,A016,chat,billing,medium,0.8245748523375264,5.785936377476223,0,0.03333333333333333
C28894,A016,chat,billing,medium,0.7492573410549761,8.877640763905575,0,0.03333333333333333
C65033,A016,chat,technical,high,0.19926236636925887,16.0880522679951,0,0.03333333333333333
C14831,A002,chat,billing,medium,0.014403654739778865,13.684622653116543,0,0.03333333333333333
C93293,A002,chat,billing,medium,0.37567208689737064,9.829383698305127,0,0.03333333333333333
C63608,A002,chat,sales,vip,0.7316665569864925,6.772392762216851,0,0.03333333333333333
C18422,A009,chat,technical,vip,0.4314944183743108,7.680383864390616,0,0.03333333333333333
C26565,A009,chat,vip,low,0.1615069713264735,7.401180628028932,0,0.03333333333333333
C15370,A009,chat,vip,high,0.11427225088739167,8.753405725561546,0,0.03333333333333333
C10285,A013,email,vip,low,0.3034301966448001,11.903471611966271,1,0.03333333333333333
C40467,A021,email,billing,low,0.06837619764639076,4.0949620260797985,1,0.03333333333333333
C26803,A021,email,vip,low,0.04217316051309645,5.2163884896875645,1,0.03333333333333333
C24622,A021,email,sales,medium,0.19484248937549778,4.293381049896951,1,0.03333333333333333
C18052,A021,email,vip,low,0.04192648716474017,3.2338683355009317,1,0.03333333333333333
C69958,A021,email,technical,low,0.25715346452293897,3.689152601752311,1,0.03333333333333333
C63849,A013,email,general,high,0.3109085801360899,10.901880028607376,1,0.03333333333333333
C49902,A013,email,technical,medium,0.43056101275989017,6.99857638288722,1,0.03333333333333333
C51140,A013,email,general,medium,0.2458093789323319,13.734307241673752,1,0.03333333333333333
C38169,A013,email,sales,low,0.21011649408364827,9.118647699196453,1,0.03333333333333333
C23752,A025,voice,vip,low,0.412540854503124,4.021282753878199,1,0.03333333333333333
C90211,A001,email,billing,low,0.273055289686429,15.500450311566796,1,0.03333333333333333
C83741,A025,email,technical,low,0.015096488078070389,9.669860568273135,1,0.03333333333333333
C10009,A025,email,sales,low,0.029954037002458418,9.248265073438759,1,0.03333333333333333
C66442,A001,email,sales,low,0.11751649229830276,11.395437073904484,1,0.03333333333333333
C22264,A001,email,billing,high,0.20258417843738608,12.60210207667575,1,0.03333333333333333
C56280,A001,email,technical,vip,0.15925715313183503,8.772475886377835,1,0.03333333333333333
C46330,A025,chat,general,low,0.03491710133891393,9.24759694935605,0,0.03333333333333333
C89420,A025,chat,sales,low,0.1889399529473451,7.312468448959334,0,0.03333333333333333
C93591,A001,email,billing,high,0.25172095871157246,14.720041085013856,1,0.03333333333333333
C34922,A025,email,vip,high,0.5696084759466054,3.6033857699099823,1,0.03333333333333333
C14600,A025,email,sales,high,0.24515551728453316,8.148047247926854,1,0.03333333333333333
C53516,A025,chat,technical,low,0.0,9.940445592125895,0,0.03333333333333333
C35378,A025,email,billing,low,0.19699701971133876,5.4401709864384555,1,0.03333333333333333
C26993,A008,chat,vip,low,0.06840497997574163,8.430637632438193,0,0.03333333333333333
C93172,A008,chat,technical,medium,0.16312824917830143,6.69716161654159,0,0.03333333333333333
C79451,A008,chat,technical,low,0.0,7.937464547221813,0,0.03333333333333333
C47518,A020,chat,technical,medium,0.10495979609654844,8.719069905916438,0,0.03333333333333333
C77787,A011,chat,vip,high,0.27432753032225266,5.598259316476241,0,0.03333333333333333
C98793,A011,email,vip,medium,0.2560446943114228,7.206949489267485,1,0.03333333333333333
C23731,A011,chat,billing,high,0.5835297583413761,5.089484378726288,0,0.03333333333333333
C48181,A011,chat,general,low,0.2457902793094803,5.124258178989091,0,0.03333333333333333
C89885,A011,email,technical,medium,0.67533216114567,2.7647857535665388,1,0.03333333333333333
C58417,A020,chat,billing,vip,0.4412110768616917,6.815489360062943,0,0.03333333333333333
C34107,A011,email,general,high,0.5550357937915793,3.7929859398539723,1,0.03333333333333333
C14610,A020,chat,technical,medium,0.28898509051420923,7.877801813942924,0,0.03333333333333333
C14776,A010,email,general,low,0.21765184036688032,7.023039229576962,1,0.03333333333333333
C24684,A002,email,technical,low,0.05965639818865474,12.156509152312088,1,0.03333333333333333
C43314,A010,email,billing,medium,0.29072840855829285,5.740347986484463,1,0.03333333333333333
C18298,A011,email,sales,high,0.4980316587553711,4.228290606629563,1,0.03333333333333333
C66562,A013,chat,general,low,0.1427079644152892,12.776916186635745,0,0.03333333333333333
C66006,A010,email,vip,medium,0.5248067665033953,3.1735364667362944,1,0.03333333333333333
C99530,A010,email,general,high,0.24519238250414166,5.419140225860805,1,0.03333333333333333
C83397,A013,chat,billing,medium,0.8122596819749545,6.380289732990938,0,0.03333333333333333
C14715,A013,chat,technical,medium,0.5901936587973368,7.355926256132792,0,0.03333333333333333
C65586,A017,chat,billing,high,0.8790490413646797,2.0619446410580107,1,0.03333333333333333
C63329,A017,chat,general,low,0.08797015500129443,3.4986018064878985,0,0.03333333333333333
C30654,A017,chat,billing,medium,0.8567176006033886,1.9081332348808042,1,0.03333333333333333
C61066,A019,email,general,medium,0.023913376833336664,8.750989552015598,1,0.03333333333333333
C41473,A019,email,sales,low,0.22883788959362192,7.58512119441656,1,0.03333333333333333
C86288,A019,email,technical,high,0.3664520774861963,7.5346409648481085,1,0.03333333333333333
C94844,A019,email,sales,low,0.10949309613174443,6.200234841852019,1,0.03333333333333333
C39193,A019,email,technical,medium,0.24017391507762853,6.634085826399204,1,0.03333333333333333
C33643,A029,email,vip,high,0.2798627619973162,10.640592057277063,1,0.03333333333333333
C47934,A029,chat,technical,medium,0.0,11.354771975805289,0,0.03333333333333333
C57637,A029,chat,vip,low,0.1849538875600533,9.722075056775433,0,0.03333333333333333
C72145,A029,email,vip,medium,0.2095702884988043,9.049334707139394,1,0.03333333333333333
C61961,A029,chat,technical,low,0.127951126312353,11.82597456222688,0,0.03333333333333333
C82246,A029,email,billing,low,0.08864905445837337,9.674818597300465,1,0.03333333333333333
C14931,A029,email,sales,low,0.6759622987795655,3.8414988532454903,1,0.03333333333333333
C19807,A007,chat,general,medium,0.1747545352717485,10.52889145983321,0,0.03333333333333333
C66257,A029,email,sales,medium,0.5566531679848586,6.058795854100489,1,0.03333333333333333
C62810,A007,chat,general,low,0.15192840718786438,12.54112985378133,0,0.03333333333333333
C35500,A007,chat,technical,high,0.37571551430548905,7.4043606059410365,0,0.03333333333333333
C68150,A002,email,sales,medium,0.35621609906524526,5.389515394781851,1,0.03333333333333333
C56155,A002,email,general,low,0.18387815716842493,10.47586761951766,1,0.03333333333333333
C71148,A016,email,general,medium,0.278503062824369,14.840595483132535,1,0.03333333333333333
C99319,A017,email,sales,high,0.08819385018927581,4.0047599941100085,1,0.03333333333333333
C81081,A017,email,billing,high,0.949764656736555,2.449588155367591,1,0.03333333333333333
C83956,A017,email,billing,low,0.8133209942213011,2.459239608418028,1,0.03333333333333333
C34615,A017,email,general,medium,0.2338312976528789,3.363183929328739,1,0.03333333333333333
C22382,A017,email,billing,medium,0.7961226146600865,1.4143218366385168,1,0.03333333333333333
C27149,A024,chat,billing,high,0.11930811950822134,5.0964710005510305,0,0.03333333333333333
C30259,A024,chat,technical,low,0.44467253773226945,4.350049942701957,0,0.03333333333333333
C92052,A024,chat,billing,medium,0.16584990973582164,6.099805317772954,0,0.03333333333333333
C79896,A014,chat,billing,low,0.0,9.12698347800881,0,0.03333333333333333
C74648,A014,chat,technical,low,0.08911873332941644,7.453296081159313,0,0.03333333333333333
C98647,A014,chat,billing,medium,0.2746895297631412,10.85761315255687,0,0.03333333333333333
C65767,A015,email,sales,high,0.6355375036463984,22.086158281599282,1,0.03333333333333333
C88389,A015,email,sales,low,0.2701864638855807,21.113699919353014,1,0.03333333333333333
C58856,A015,email,vip,low,0.0,22.774032375362136,1,0.03333333333333333
C42844,A015,email,technical,medium,0.12245485718636395,21.905263494970498,1,0.03333333333333333
C45306,A015,email,technical,low,0.0,21.955224351551365,1,0.03333333333333333
C91976,A018,chat,general,medium,0.05161575958932104,8.589481308675012,0,0.03333333333333333
C35175,A029,chat,vip,high,0.10325007462915421,10.50360736182085,0,0.03333333333333333
C49246,A018,chat,sales,medium,0.10437982171522181,8.753961425500345,0,0.03333333333333333
C96169,A029,chat,technical,high,0.1305202864059909,11.47607557673847,0,0.03333333333333333
C95486,A018,chat,sales,high,0.5071832187680331,8.56323512502531,0,0.03333333333333333
C91932,A029,chat,sales,low,0.6229939555344932,5.703457668542931,0,0.03333333333333333
C95748,A006,voice,vip,high,0.9366702734105858,4.519236317415243,1,0.03333333333333333
C40670,A006,email,general,low,0.08442328399930785,14.556489029189306,1,0.03333333333333333
C89233,A006,chat,sales,vip,0.4648022152561968,13.824928128626329,0,0.03333333333333333
C34642,A006,chat,vip,medium,0.7707238728128302,6.33147723289429,0,0.03333333333333333
C62017,A000,email,billing,low,0.25319800172449486,6.376692566503357,1,0.03333333333333333
C52428,A006,chat,vip,high,0.9009369060501885,5.535361307035561,0,0.03333333333333333
C63139,A019,chat,vip,high,0.0,10.530787052310075,0,0.03333333333333333
C12179,A019,chat,vip,high,0.17137931714050159,7.684572358138767,0,0.03333333333333333
C25123,A000,email,vip,medium,0.0,7.531060820174339,1,0.03333333333333333
C95615,A000,email,general,low,0.45034779813107284,3.0142865427779593,1,0.03333333333333333
C94839,A019,chat,technical,medium,0.294565973825846,7.6003943037406305,0,0.03333333333333333
C69887,A000,email,technical,medium,0.35056247166757715,5.711875996330812,1,0.03333333333333333
C49637,A006,email,billing,medium,0.5724031888381569,10.980323780596866,1,0.03333333333333333
C52304,A000,email,general,medium,0.7285063971455873,3.8576275586837903,1,0.03333333333333333
C32584,A006,email,sales,medium,0.2599198990408196,19.01169644031576,1,0.03333333333333333
C82298,A002,email,billing,low,0.14892511034347228,10.399464387087741,1,0.03333333333333333
C68488,A002,email,vip,medium,0.16722437193903314,11.148796842318097,1,0.03333333333333333
C91459,A002,email,sales,high,0.7002015103585024,7.4553521486204115,1,0.03333333333333333
C43601,A002,email,vip,medium,0.16476572961266994,12.420365160271086,1,0.03333333333333333
C66032,A002,email,sales,high,0.5557188284038034,6.563624777771569,1,0.03333333333333333
C25187,A012,email,general,high,0.4127555104371512,10.67780040298111,1,0.03333333333333333
C11114,A012,email,sales,high,0.5654154415155711,8.346652627744,1,0.03333333333333333
C56959,A012,email,sales,low,0.3891550456516241,7.333472273887426,1,0.03333333333333333
C24317,A012,email,sales,low,0.19556230787038523,9.177531965635257,1,0.03333333333333333
C80617,A012,email,technical,medium,0.35683384408070395,12.162466481604772,1,0.03333333333333333
C56544,A027,chat,general,vip,0.21258759684082423,7.670383528759255,0,0.03333333333333333
C79609,A001,chat,sales,high,0.2820081860959301,10.316109674060026,0,0.03333333333333333
C69984,A001,chat,billing,medium,0.33475673066786116,11.596943019680523,0,0.03333333333333333
C54674,A001,chat,sales,low,0.23726656678035418,12.291644275071526,0,0.03333333333333333
C28064,A027,chat,billing,high,0.14981913401389532,7.560916236410053,0,0.03333333333333333
C90386,A027,chat,general,low,0.0,7.147335125624095,0,0.03333333333333333
C57001,A028,email,vip,vip,0.19990430777385063,8.183397511172537,1,0.03333333333333333
C57010,A001,email,technical,low,0.19740017703086699,10.97497744076745,1,0.03333333333333333
C16930,A028,email,technical,medium,0.12198946930387644,6.956736800263762,1,0.03333333333333333
C20820,A028,email,sales,high,0.05705518159445308,7.880781255649744,1,0.03333333333333333
C82125,A028,email,sales,medium,0.007058794423437972,7.416500663677911,1,0.03333333333333333
C37172,A003,chat,technical,vip,0.22567982451694502,9.522163948090068,0,0.03333333333333333
C80770,A003,chat,technical,high,0.2646865203404991,9.718751063263412,0,0.03333333333333333
C41031,A001,email,billing,low,0.28260052937673147,9.134843768446629,1,0.03333333333333333
C52963,A003,chat,billing,low,0.056988150259588644,8.234681209827542,0,0.03333333333333333
C48544,A001,email,general,low,0.8615702801765485,3.714234756574397,1,0.03333333333333333
C31590,A001,email,general,high,0.7105958948535911,6.318265822256741,1,0.03333333333333333
C33582,A028,email,vip,low,0.12386014761468553,7.1244422630302395,1,0.03333333333333333
C33438,A026,chat,general,vip,0.38322254232690556,3.169293012956064,0,0.03333333333333333
C36431,A026,chat,general,low,0.24687264280043714,4.4414701201132365,0,0.03333333333333333
C60421,A026,chat,technical,low,0.6807493489595182,2.052315360867214,1,0.03333333333333333
C90994,A014,email,sales,medium,0.07813499123038495,10.128601969313818,1,0.03333333333333333
C61372,A014,email,billing,high,0.3799635836534958,7.528969127590071,1,0.03333333333333333
C29739,A014,email,technical,low,0.14971042508290797,9.977477776658832,1,0.03333333333333333
C84627,A014,chat,sales,medium,0.21691800418821353,7.796263635963696,0,0.03333333333333333
C77943,A014,chat,billing,low,0.06271879374552491,10.841411534567156,0,0.03333333333333333
C51756,A014,chat,technical,low,0.20023572799665773,7.737936134542438,0,0.03333333333333333
C87274,A014,email,general,low,0.23757647566867118,6.1898227842302616,1,0.03333333333333333
C25831,A014,email,billing,low,0.1663929539112448,9.060949291002785,1,0.03333333333333333
C37237,A022,chat,sales,low,0.0667190256356531,13.331518115213187,0,0.03333333333333333
C89882,A022,chat,technical,medium,0.09913947362461775,7.970152478499047,0,0.03333333333333333
C47929,A022,chat,technical,medium,0.13938774792289,9.04071076908031,0,0.03333333333333333
C62065,A022,email,billing,high,0.32176236493684657,8.337863743749336,1,0.03333333333333333
C11982,A022,email,technical,medium,0.2812516968487699,8.861228883133247,1,0.03333333333333333
C93308,A022,email,general,medium,0.25811928398631157,9.62019857891181,1,0.03333333333333333
C51530,A022,email,general,high,0.31755879715232543,10.972175485934915,1,0.03333333333333333
C23461,A022,email,sales,medium,0.0,8.553987667113596,1,0.03333333333333333
C62211,A013,chat,billing,vip,0.8438295469276083,6.987814704922965,0,0.03333333333333333
C79667,A013,chat,billing,low,0.5895052835933469,6.442524976208752,0,0.03333333333333333
C88923,A013,chat,vip,low,0.043660842631821024,11.001313958620104,0,0.03333333333333333
C76507,A004,email,general,medium,0.1477455453575296,3.6202005112164137,1,0.03333333333333333
C88186,A004,email,general,low,0.0,5.833038913817794,1,0.03333333333333333
C60642,A004,email,general,high,0.2430071674440119,4.981612020001783,1,0.03333333333333333
C23241,A005,email,technical,low,0.5938474306279168,5.152464645014373,1,0.03333333333333333
C65250,A005,email,vip,vip,0.5511506346329222,12.417503866617945,1,0.03333333333333333
C22155,A004,email,technical,medium,0.7424292080844829,1.710226159677715,1,0.03333333333333333
C11400,A005,email,billing,low,0.2835468740731736,10.759450884407851,1,0.03333333333333333
C18497,A004,email,vip,low,0.32965238451731516,4.2583366180186655,1,0.03333333333333333
C48973,A021,chat,vip,low,0.0763234282469647,6.589220452635154,0,0.03333333333333333
C15051,A005,email,sales,low,0.3137844954472989,11.599602347596202,1,0.03333333333333333
C58423,A005,email,technical,vip,0.9048762307822705,6.284078520989201,1,0.03333333333333333
C66428,A021,chat,general,medium,0.188944362346444,3.454105999372614,0,0.03333333333333333
C68391,A021,chat,general,medium,0.3538707525838073,5.175173767757885,0,0.03333333333333333
C13014,A027,email,technical,low,0.11350004152790055,6.859705973172012,1,0.03333333333333333
C87821,A027,email,general,low,0.0,7.781820013377649,1,0.03333333333333333
C15183,A027,email,technical,low,0.010270451361245596,7.155477597025918,1,0.03333333333333333
C66447,A027,email,vip,high,0.11562085350204233,5.717276095551104,1,0.03333333333333333
C92873,A027,email,sales,low,0.6641124026012307,3.2129876047894226,1,0.03333333333333333
C96452,A010,email,general,low,0.07766180418180714,6.60793468175218,1,0.03333333333333333
C25057,A010,chat,general,low,0.0726335992458765,5.307784282879079,0,0.03333333333333333
C52845,A010,chat,billing,low,0.3965564429589298,6.353114805584847,0,0.03333333333333333
C12051,A010,email,billing,medium,0.41229676454068975,5.4185777057181115,1,0.03333333333333333
C67904,A010,email,billing,high,0.12122648162191668,5.5831833928791665,1,0.03333333333333333
C91697,A010,chat,sales,medium,0.07930329781541164,9.48774643321027,0,0.03333333333333333
C74482,A010,email,technical,low,0.0,4.962926783071878,1,0.03333333333333333
C76318,A010,email,billing,low,0.2480078240089748,6.747838951224007,1,0.03333333333333333
C59809,A025,chat,vip,medium,0.4576547961947648,2.752169255829681,1,0.03333333333333333
C50574,A025,chat,vip,high,0.6433333947658701,2.6985881124270494,1,0.03333333333333333
C65345,A025,chat,general,low,0.08906603255861685,8.640942594008749,0,0.03333333333333333
C97877,A008,chat,technical,medium,0.2676732031432581,6.254277688704456,0,0.03333333333333333
C33009,A008,chat,vip,low,0.043937682694501656,6.97687699576929,0,0.03333333333333333
C64652,A010,chat,sales,medium,0.09632077172433925,8.654849050900733,0,0.03333333333333333
C86348,A010,chat,general,high,0.32172835370955877,7.154168174529082,0,0.03333333333333333
C47777,A012,chat,billing,low,0.2714014958776269,12.238636743661246,0,0.03333333333333333
C21223,A008,chat,billing,vip,0.41997772380936815,7.009661071857316,0,0.03333333333333333
C66369,A010,chat,billing,low,0.1772359380318943,5.683135414777671,0,0.03333333333333333
C46957,A012,chat,billing,vip,0.33669716471192124,11.240061634614678,0,0.03333333333333333
C18270,A012,chat,billing,low,0.14907526259669437,11.473992581152089,0,0.03333333333333333
C48445,A003,chat,general,low,0.07661056477914302,7.7743993698610385,0,0.03333333333333333
C29098,A003,chat,general,medium,0.18980198124019054,9.97326652019846,0,0.03333333333333333
C42556,A003,chat,vip,high,0.8136477141673495,4.728631551702453,0,0.03333333333333333
C22878,A005,chat,general,medium,0.4280241979569949,13.478498918917081,0,0.03333333333333333
C42069,A005,chat,sales,medium,0.4859918262305025,12.010782058129534,0,0.03333333333333333
C40287,A005,chat,technical,low,0.8602894433098018,6.629639783908681,0,0.03333333333333333
C45202,A015,chat,billing,high,0.675407021834416,11.49500791919246,0,0.03333333333333333
C52039,A015,chat,billing,medium,0.7567559683214956,8.819961873495062,0,0.03333333333333333
C49504,A015,chat,sales,low,0.17067773917121637,17.71528740651463,0,0.03333333333333333
C27480,A025,email,technical,high,0.12145181433759306,8.316993712068777,1,0.03333333333333333
C42080,A020,chat,technical,high,0.3023633455739214,8.220264980114054,0,0.03333333333333333
C71348,A020,chat,technical,medium,0.20586227511144506,10.966200535667012,0,0.03333333333333333
C81763,A025,email,technical,medium,0.09006050326321738,10.183910647549116,1,0.03333333333333333
C80805,A025,email,general,high,0.21008948315557438,7.446075427415169,1,0.03333333333333333
C61751,A025,email,technical,low,0.10448803404854709,8.670556763331767,1,0.03333333333333333
C95463,A020,chat,general,low,0.9018280747025204,3.1843454276315115,0,0.03333333333333333
C42431,A025,email,sales,low,0.0021908521298522124,9.091839299997012,1,0.03333333333333333
C21551,A029,chat,vip,low,0.11091236292242566,12.120249748050306,0,0.03333333333333333
C78217,A029,chat,general,low,0.5215181843106149,6.991222026732655,0,0.03333333333333333
C72514,A029,chat,sales,low,0.6104439904785605,5.274104319321111,0,0.03333333333333333
C85832,A018,chat,vip,low,0.3088575507763228,6.887501809388564,0,0.03333333333333333
C69023,A018,chat,general,vip,0.13784147435648222,9.298317266526018,0,0.03333333333333333
C68871,A018,chat,sales,medium,0.05213321520591044,7.979992920223332,0,0.03333333333333333
C96541,A009,chat,technical,low,0.3281638077376484,6.9270368011821395,0,0.03333333333333333
C94205,A017,chat,general,low,0.25109523259804706,3.2739945471898477,0,0.03333333333333333
C47341,A009,chat,technical,high,0.17398633862722987,7.194361865456404,0,0.03333333333333333
C37816,A017,chat,sales,medium,0.060653258715499724,5.199124952516873,0,0.03333333333333333
C49198,A009,email,technical,high,0.22350995066175158,7.38046674708027,1,0.03333333333333333
C35105,A000,chat,vip,low,0.0,8.480225766125466,0,0.03333333333333333
C29143,A000,chat,billing,medium,0.419601687327153,5.49796970093183,0,0.03333333333333333
C50814,A009,email,technical,low,0.0719177945234062,7.17458636180705,1,0.03333333333333333
C51024,A009,chat,vip,low,0.12773609816517018,6.68913670962006,0,0.03333333333333333
C25525,A017,chat,general,high,0.15197251318523186,3.979440705533585,0,0.03333333333333333
C98834,A009,email,technical,low,0.013549664990428548,7.107458317428104,1,0.03333333333333333
C71529,A009,email,technical,low,0.11479235620677648,7.6026074262755525,1,0.03333333333333333
C20326,A009,email,general,medium,0.19995431642984013,8.370613565793972,1,0.03333333333333333
C71936,A006,chat,general,low,0.13946954838514458,13.976979420952455,0,0.03333333333333333
C25044,A000,chat,sales,medium,0.17638279453373912,6.300958828003907,0,0.03333333333333333
C17579,A006,chat,general,high,0.12672832242326781,18.11154951694843,0,0.03333333333333333
C29739,A006,chat,billing,medium,0.6007580070172911,12.180962763469685,0,0.03333333333333333
C75748,A012,email,billing,low,0.23229448395172553,13.0309070446276,1,0.03333333333333333
C63727,A012,email,technical,high,0.24574308251966953,12.709298804315718,1,0.03333333333333333
C57875,A012,email,vip,low,0.42731523424363216,6.999042212498458,1,0.03333333333333333
C29650,A012,email,vip,low,0.5685547080141293,8.57543851143412,1,0.03333333333333333
C60364,A012,email,general,medium,0.4225667280931048,11.523005328112838,1,0.03333333333333333
C82409,A019,chat,vip,medium,0.0,8.384805055653462,0,0.03333333333333333
C79249,A019,chat,sales,low,0.10253635172821149,7.101400423862601,0,0.03333333333333333
C35145,A014,chat,billing,low,0.1124744313116562,7.13613150663577,0,0.03333333333333333
C23837,A027,chat,sales,vip,0.6249421244622712,3.6358987986054347,0,0.03333333333333333
C48474,A019,chat,sales,medium,0.06930952868811158,7.005830659971599,0,0.03333333333333333
C77818,A027,chat,technical,high,0.1366449645384964,6.146257986011194,0,0.03333333333333333
C42005,A027,chat,sales,medium,0.6023671563471733,4.5839639751441545,0,0.03333333333333333
C40102,A013,chat,technical,low,0.6010799579405792,6.965038990632591,0,0.03333333333333333
C48634,A014,chat,technical,low,0.09268876955316277,7.712287143382592,0,0.03333333333333333
C64292,A014,chat,billing,low,0.16943021001195174,9.806448273665607,0,0.03333333333333333
C63855,A013,chat,billing,low,0.6026352416733944,6.338179338806123,0,0.03333333333333333
C56069,A013,chat,general,medium,0.24125731903374337,9.769428646358783,0,0.03333333333333333
C82083,A006,email,vip,low,0.718639235576865,4.962365414224657,1,0.03333333333333333
C18664,A024,chat,vip,medium,0.0,7.304901907744511,0,0.03333333333333333
C74247,A024,chat,billing,high,0.2910311623996779,6.7856236546763995,0,0.03333333333333333
C53687,A024,chat,vip,vip,0.2518198416288371,5.5854948268239735,0,0.03333333333333333
C40739,A006,email,vip,high,0.9397917862162887,5.080483162898339,1,0.03333333333333333
C28270,A006,email,sales,medium,0.31159023982385475,17.904473900362227,1,0.03333333333333333
C42652,A006,email,general,low,0.23209154356808148,14.975409025513143,1,0.03333333333333333
C87532,A006,email,technical,high,0.41094281235026797,16.67226923436305,1,0.03333333333333333
C44084,A023,chat,general,low,0.06863654913957358,11.69945552153487,0,0.03333333333333333
C82442,A023,chat,sales,medium,0.0,9.593964318670588,0,0.03333333333333333
C47776,A023,chat,sales,medium,0.03704876442054086,9.950102915537649,0,0.03333333333333333
C29562,A002,chat,technical,low,0.0,13.097415105944467,0,0.03333333333333333
C40085,A002,chat,vip,high,0.17559064021832016,12.618135294344706,0,0.03333333333333333
C50469,A002,chat,billing,medium,0.301389962729422,10.931370135506226,0,0.03333333333333333
C91230,A018,chat,general,medium,0.07351977030172105,10.24180950600237,0,0.03333333333333333
C36521,A026,chat,general,low,0.2545289543506395,3.126678408207276,0,0.03333333333333333
C25608,A026,chat,billing,medium,0.4186205395906831,2.6976422736958914,1,0.03333333333333333
C35900,A026,chat,general,low,0.06999584539494241,4.233135805991501,0,0.03333333333333333
C72788,A018,chat,vip,high,0.3562584677908769,7.359125066790076,0,0.03333333333333333
C96003,A018,chat,sales,high,0.4324457587390198,7.469050033478378,0,0.03333333333333333
C92067,A006,chat,vip,high,0.9012907123972079,5.576744898450608,0,0.03333333333333333
C12870,A006,chat,vip,medium,0.8581777436115576,6.955298370458978,0,0.03333333333333333
C99600,A006,chat,vip,low,0.8774447312007119,7.301665212292444,0,0.03333333333333333
C50799,A023,email,sales,medium,0.3276878838811495,11.299736072952607,1,0.03333333333333333
C49392,A023,email,general,high,0.19928599132214542,9.906459195178135,1,0.03333333333333333
C32765,A009,chat,vip,high,0.20486213522977997,7.574914926231334,0,0.03333333333333333
C73642,A009,chat,vip,medium,0.14859353723814098,7.725932894400412,0,0.03333333333333333
C73318,A009,chat,vip,medium,0.18545281217978554,6.104586712982639,0,0.03333333333333333
C62531,A023,email,general,low,0.06149122661662257,9.19667664033302,1,0.03333333333333333
C85581,A023,email,technical,low,0.24391040869471026,8.196568149749083,1,0.03333333333333333
C62026,A023,chat,technical,medium,0.27326451652815936,11.707737253146956,0,0.03333333333333333
C79929,A023,email,billing,low,0.46271631448095385,8.158713067415068,1,0.03333333333333333
C49157,A023,chat,vip,low,0.25841732268675993,7.847426464109853,0,0.03333333333333333
C15963,A018,email,vip,low,0.1792184968262608,6.53078957324002,1,0.03333333333333333
C84894,A023,chat,billing,high,0.36127999538401057,7.262154572030489,0,0.03333333333333333
C46774,A018,email,technical,low,0.1925690817179133,4.763027959442013,1,0.03333333333333333
C74993,A018,email,general,medium,0.07929791690821426,8.15041118732607,1,0.03333333333333333
C41063,A018,email,technical,medium,0.5699275345921818,4.79378048247316,1,0.03333333333333333
C77582,A007,email,billing,low,0.2054554039977864,9.806974482651325,1,0.03333333333333333
C15161,A021,email,vip,high,0.23205205287813824,4.785734670822033,1,0.03333333333333333
C47528,A007,email,vip,low,0.2608213404934745,7.754501926564651,1,0.03333333333333333
C96236,A021,email,sales,medium,0.07485802415911123,3.9211065513509245,1,0.03333333333333333
C66655,A007,email,general,medium,0.34030351822247024,9.605796341407677,1,0.03333333333333333
C54515,A024,chat,vip,low,0.0,6.714198709381044,0,0.03333333333333333
C87163,A008,chat,general,low,0.711895515370944,3.152885803019418,0,0.03333333333333333
C74418,A008,chat,general,low,0.7378146055676978,3.9777869453156707,0,0.03333333333333333
C42189,A003,email,technical,medium,0.04871561242609953,8.644308794916977,1,0.03333333333333333
C39674,A003,email,technical,medium,0.039190221942107126,8.602303561246629,1,0.03333333333333333
C48996,A003,email,technical,high,0.06751546959675196,8.756443712859097,1,0.03333333333333333
C98581,A003,email,billing,medium,0.22628171813005682,10.827297915594889,1,0.03333333333333333
C78443,A008,chat,general,low,0.7395157796879135,2.97678889519844,1,0.03333333333333333
C31807,A003,email,general,low,0.16365079300605784,7.791929158974565,1,0.03333333333333333
C32021,A024,chat,billing,high,0.3145751473801045,7.730103232009,0,0.03333333333333333
C54106,A024,chat,technical,low,0.4619199578250957,6.18639539974276,0,0.03333333333333333
C92187,A016,chat,billing,medium,0.6996795152411949,9.283405561440537,0,0.03333333333333333
C32146,A016,chat,sales,high,0.30747607690858086,14.455995385699875,0,0.03333333333333333
C19285,A016,chat,general,low,0.40984897059358194,10.073631371256237,0,0.03333333333333333
C20027,A020,email,sales,vip,0.0020241237595708117,10.048226081334436,1,0.03333333333333333
C62216,A020,email,technical,low,0.2017482435609571,10.521664401372115,1,0.03333333333333333
C34567,A020,email,technical,low,0.12455924342416652,9.782455389602472,1,0.03333333333333333
C55492,A020,email,technical,high,0.1447811663535916,12.276971865043105,1,0.03333333333333333
C99448,A019,email,vip,medium,0.09126499239566646,8.495065549934761,1,0.03333333333333333
C54949,A020,email,technical,high,0.32581559578732405,10.541525276765332,1,0.03333333333333333
C50548,A019,email,billing,medium,0.2743623282129653,6.027956127813085,1,0.03333333333333333
C16030,A004,chat,billing,high,0.1450155871498681,6.901655126505872,0,0.03333333333333333
C96428,A004,chat,technical,high,0.9486541201385831,2.1128003065155148,1,0.03333333333333333
C95787,A004,chat,technical,medium,0.7442623415737728,2.6020310365757657,1,0.03333333333333333
C41762,A002,email,general,low,0.22846086288137366,10.888952026509386,1,0.03333333333333333
C24219,A002,email,sales,low,0.5180839263755616,6.464872321900917,1,0.03333333333333333
C83633,A002,email,billing,medium,0.0059992250641587586,13.700872813494676,1,0.03333333333333333
C99276,A028,chat,billing,medium,0.08251559323584415,6.8725233916689215,0,0.03333333333333333
C26853,A028,chat,technical,low,0.11565074382022891,5.241269524158276,0,0.03333333333333333
C49932,A002,email,technical,medium,0.1617582705280413,13.25240612712301,1,0.03333333333333333
C21906,A028,chat,technical,low,0.07212569244166002,7.415261687491681,0,0.03333333333333333
C96744,A002,email,general,vip,0.24601308395630533,9.188335189844228,1,0.03333333333333333
C95350,A028,email,sales,medium,0.24580340209123974,7.483722130243302,1,0.03333333333333333
C65144,A028,email,sales,medium,0.07296814000815299,7.081313814062766,1,0.03333333333333333
C13636,A026,email,vip,high,0.32872368081313486,4.190943892902566,1,0.03333333333333333
C24977,A028,email,sales,vip,0.21572019877779042,7.0602883651238315,1,0.03333333333333333
C25330,A026,email,vip,medium,0.4081194219711588,4.007276730071191,1,0.03333333333333333
C62170,A026,email,vip,medium,0.4187150768862441,2.398849795660457,1,0.03333333333333333
C86211,A019,email,vip,low,0.12455844145237065,7.874956371994929,1,0.03333333333333333
C46366,A028,email,sales,vip,0.23171992691652027,8.433396705032528,1,0.03333333333333333
C46861,A026,email,billing,medium,0.46546550774629736,2.7728135951643313,1,0.03333333333333333
C38803,A026,email,billing,medium,0.25031620188550185,2.6930691550384256,1,0.03333333333333333
C43714,A019,email,sales,medium,0.1903045027684803,7.569346687374598,1,0.03333333333333333
C23121,A019,email,vip,low,0.09716291584803607,6.488989277005384,1,0.03333333333333333
C39456,A019,email,general,vip,0.19478038774513984,6.130607890445675,1,0.03333333333333333
C70376,A019,email,technical,medium,0.3280916141314137,5.31344209179942,1,0.03333333333333333
C24917,A019,email,sales,medium,0.17419691814128288,7.468257723915543,1,0.03333333333333333
C67351,A013,chat,general,low,0.05458058219593216,12.930550588503733,0,0.03333333333333333
C92201,A013,chat,vip,vip,0.0,13.296801594728372,0,0.03333333333333333
C66133,A013,chat,general,medium,0.14627584192069654,12.497189596837652,0,0.03333333333333333
C73326,A025,email,sales,low,0.12151685324115152,9.013198098904848,1,0.03333333333333333
C38873,A013,email,general,medium,0.1629606462822346,11.755470293255314,1,0.03333333333333333
C85551,A006,email,technical,medium,0.42461882184038563,9.070251254039333,1,0.03333333333333333
C30579,A013,email,general,medium,0.2540203384061543,13.625190054734201,1,0.03333333333333333
C65222,A025,email,vip,low,0.4389522317762058,2.856746944710384,1,0.03333333333333333
C94808,A025,email,sales,high,0.25287397549329726,8.638506540516016,1,0.03333333333333333
C87180,A006,email,sales,low,0.22397745647513315,14.52558731669566,1,0.03333333333333333
C93432,A014,chat,technical,low,0.0,12.366506520858623,0,0.03333333333333333
C72279,A014,chat,billing,medium,0.20185606582223456,10.629182473820785,0,0.03333333333333333
C56431,A025,chat,technical,medium,0.08337262192014333,10.661217136677319,0,0.03333333333333333
C78231,A025,chat,technical,low,0.15851358828135842,8.478419025680445,0,0.03333333333333333
C97575,A025,chat,general,high,0.27438006405876414,7.874614833547602,0,0.03333333333333333
C32574,A014,chat,billing,vip,0.3745822592935299,9.397006966705227,0,0.03333333333333333
C42554,A017,email,sales,medium,0.018927885295186242,4.226561833995192,1,0.03333333333333333
C82742,A011,chat,vip,low,0.19676052307952863,6.955955713427979,0,0.03333333333333333
C52728,A017,email,billing,low,0.8153237063980351,1.2862011291455726,1,0.03333333333333333
C61201,A011,chat,general,low,0.3579681539441551,7.241633848721862,0,0.03333333333333333
C42878,A011,chat,billing,low,0.44758440689137996,6.870598974265198,0,0.03333333333333333
C83559,A017,email,vip,medium,0.5118856052735906,3.739156723749317,1,0.03333333333333333
C19000,A017,email,billing,low,0.7372071497962518,1.5151383217611356,1,0.03333333333333333
C10039,A017,email,sales,low,0.028617708019213754,4.615812660064478,1,0.03333333333333333
C26956,A016,email,vip,low,0.1650544901550678,13.180971339839276,1,0.03333333333333333
C67660,A016,email,vip,low,0.42584901073042153,10.432716631629173,1,0.03333333333333333
C29435,A016,email,sales,high,0.21797551197667533,14.39366559443924,1,0.03333333333333333
C42036,A016,email,sales,medium,0.24520120538224097,11.430081627201488,1,0.03333333333333333
C53570,A008,email,technical,low,0.23694788454793225,6.707338708598366,1,0.03333333333333333
C64503,A009,chat,technical,low,0.12239008089485408,9.047698098966793,0,0.03333333333333333
C61651,A009,chat,technical,low,0.0,6.570391019430643,0,0.03333333333333333
C70626,A009,chat,general,low,0.25285242788710477,6.62065886607901,0,0.03333333333333333
C10303,A008,email,vip,high,0.18293724586972146,7.311504247067848,1,0.03333333333333333
C64835,A008,email,general,low,0.7727508919340721,2.0301378856661607,1,0.03333333333333333
C76963,A008,email,technical,high,0.13583470658235397,6.638919088252195,1,0.03333333333333333
C44838,A008,email,general,medium,0.7400745682243709,5.085194740865031,1,0.03333333333333333
C32115,A007,email,technical,medium,0.46481732620950855,7.874255109636691,1,0.03333333333333333
C40155,A007,email,technical,medium,0.2553186710020447,8.862607357645121,1,0.03333333333333333
C86971,A007,email,sales,low,0.51567537903893,7.370994829142523,1,0.03333333333333333
C44794,A007,email,sales,medium,0.512159445191978,10.783551610890123,1,0.03333333333333333
C32201,A007,email,billing,high,0.2881020120870617,8.786398968695053,1,0.03333333333333333
C48530,A001,email,billing,medium,0.08648245524984105,14.259862734187156,1,0.03333333333333333
C95641,A001,email,general,vip,0.9304196577207918,4.547805328670216,1,0.03333333333333333
C92769,A001,email,technical,medium,0.29164531907126146,11.937577086106767,1,0.03333333333333333
C26875,A015,chat,billing,medium,0.7409022506738825,6.714827857536141,0,0.03333333333333333
C83945,A019,chat,vip,vip,0.18361786108284373,6.8881566932603775,0,0.03333333333333333
C86736,A001,email,general,medium,1.0,4.446293991067494,1,0.03333333333333333
C62624,A001,email,sales,low,0.14418974800247264,11.734612392678155,1,0.03333333333333333
C63770,A019,chat,sales,medium,0.2635062718049477,7.1476083273196265,0,0.03333333333333333
C99111,A019,chat,sales,medium,0.18155475541512417,7.04433526483327,0,0.03333333333333333
C41296,A015,chat,billing,low,0.540870970546447,6.845525924035924,0,0.03333333333333333
C66137,A015,chat,billing,high,0.6737916775986799,8.462136544491106,0,0.03333333333333333
C21682,A001,chat,billing,low,0.19523708076039153,11.166876914128169,0,0.03333333333333333
C40700,A001,chat,sales,low,0.2297045578016451,12.924428167709825,0,0.03333333333333333
C47514,A001,chat,sales,low,0.385305176949471,13.312931891665968,0,0.03333333333333333
C22424,A023,chat,sales,high,0.25647492456300475,10.016151171520098,0,0.03333333333333333
C69802,A023,chat,sales,high,0.29334712261522716,14.9783867576873,0,0.03333333333333333
C57534,A023,chat,sales,medium,0.06518868691123135,9.675061464826696,0,0.03333333333333333
C65548,A012,email,technical,medium,0.3065195101210727,12.928802412016127,1,0.03333333333333333
C67956,A003,chat,general,low,0.17481895743944598,9.165712341988865,0,0.03333333333333333
C69301,A003,chat,technical,low,0.07958982565883668,8.340365407386757,0,0.03333333333333333
C88946,A012,email,technical,medium,0.06676833289388709,13.082548618558048,1,0.03333333333333333
C44814,A003,chat,technical,medium,0.17984775735875652,9.033603056409433,0,0.03333333333333333
C86231,A012,email,billing,high,0.2519782834592671,10.665215167922192,1,0.03333333333333333
C84934,A012,email,billing,low,0.16739704553269863,11.751390535181415,1,0.03333333333333333
C23632,A012,email,general,medium,0.3641164640890005,9.63726725939936,1,0.03333333333333333
C89960,A027,chat,sales,vip,0.6452850957863517,2.6151580205175313,1,0.03333333333333333
C66155,A027,chat,vip,low,0.16673203589095112,7.200757106096299,0,0.03333333333333333
C10293,A018,chat,sales,medium,0.20755641811945164,10.434161659806685,0,0.03333333333333333
C34617,A027,chat,billing,medium,0.013929170893532114,5.353871807954872,0,0.03333333333333333
C37466,A018,chat,technical,medium,0.5002988223287934,6.080790264288634,0,0.03333333333333333
C57126,A018,chat,billing,high,0.624085447185976,5.044232068743453,0,0.03333333333333333
C40965,A004,email,general,low,0.2551296728818602,4.147613896218424,1,0.03333333333333333
C70624,A004,email,general,medium,0.19937272658599073,5.248007648579195,1,0.03333333333333333
C65688,A004,email,billing,low,0.0,5.619182086008903,1,0.03333333333333333
C94345,A004,email,sales,medium,0.3330515590862971,4.120497352319489,1,0.03333333333333333
C14998,A004,email,sales,vip,0.2528616710940424,4.070851231712055,1,0.03333333333333333
C92655,A006,email,sales,low,0.10632828644548042,18.00631014431219,1,0.03333333333333333
C78413,A006,email,sales,high,0.23391759022855851,15.587847301369177,1,0.03333333333333333
C76895,A006,email,general,high,0.32403089196629487,11.6189880672394,1,0.03333333333333333
C52567,A006,email,technical,low,0.5095652610262951,14.990798689660513,1,0.03333333333333333
C57532,A006,email,billing,vip,0.5097661045307309,11.630616777526116,1,0.03333333333333333
C45188,A008,chat,technical,low,0.13272319182305514,8.015536627753626,0,0.03333333333333333
C11297,A008,chat,general,medium,0.5717430095177002,2.8066610339107845,1,0.03333333333333333
C72280,A015,email,billing,medium,0.5003418475297549,10.250225793168017,1,0.03333333333333333
C46941,A002,chat,general,low,0.21279282372727207,12.987744784318863,0,0.03333333333333333
C93108,A015,email,billing,low,0.3990593918768487,9.650282836499034,1,0.03333333333333333
C59943,A008,chat,general,low,0.8572249410871333,2.1965907745940574,1,0.03333333333333333
C60932,A002,chat,sales,low,0.4930753007669288,7.230899900729156,0,0.03333333333333333
C48066,A002,chat,general,low,0.3331819685878917,13.98936753952644,0,0.03333333333333333
C37204,A015,email,billing,high,0.6900914845886916,7.554633590316489,1,0.03333333333333333
C58886,A015,email,sales,low,0.3197415923708238,16.887821519824218,1,0.03333333333333333
C16252,A015,email,sales,low,0.29873588484308666,19.878541453684207,1,0.03333333333333333
C87399,A024,chat,billing,high,0.3384967009760759,8.782457525002027,0,0.03333333333333333
C69348,A024,chat,vip,high,0.1329438691404019,6.548445625706568,0,0.03333333333333333
C29338,A024,chat,billing,medium,0.008875036410200848,5.153399869649465,0,0.03333333333333333
C53502,A016,chat,technical,medium,0.24997612749502324,12.494906902677336,0,0.03333333333333333
C63909,A016,chat,billing,vip,0.7519968875886713,6.200346489767842,0,0.03333333333333333
C36986,A016,chat,billing,medium,0.6694017418890482,5.228081556451815,0,0.03333333333333333
C55308,A000,email,sales,low,0.0,8.089455514615807,1,0.03333333333333333
C22656,A005,chat,technical,low,0.7600063812324775,5.453451963196763,0,0.03333333333333333
C73185,A000,email,vip,vip,0.3766102571414974,8.231969643955168,1,0.03333333333333333
C23595,A005,chat,sales,vip,0.41649342221122826,9.633232989115472,0,0.03333333333333333
C14982,A005,chat,vip,medium,0.44647720924512274,11.329823056086399,0,0.03333333333333333
C88443,A000,email,sales,low,0.20963646564838237,5.3036439729744105,1,0.03333333333333333
C46327,A000,email,general,medium,0.5255438232692561,4.269439752081594,1,0.03333333333333333
C11101,A000,email,technical,high,0.4538394149982087,5.888441382758567,1,0.03333333333333333
C42302,A017,chat,technical,high,0.0702869488075239,4.229399239655783,0,0.03333333333333333
C84006,A017,chat,general,high,0.17995516242664933,3.9733638374240132,0,0.03333333333333333
C43918,A017,chat,vip,medium,0.42702733154921535,4.868215427622813,0,0.03333333333333333
C74426,A003,chat,technical,low,0.0,9.72324004203361,0,0.03333333333333333
C55550,A003,chat,billing,low,0.12391921668190543,8.599492960840587,0,0.03333333333333333
C83767,A003,chat,technical,low,0.09282182545935046,12.59943734766833,0,0.03333333333333333
C12650,A013,chat,vip,low,0.09483037187167379,11.42771147342753,0,0.03333333333333333
C28505,A013,chat,general,low,0.05480016501621471,15.289274333366718,0,0.03333333333333333
C71297,A013,chat,vip,high,0.0915172182680038,10.887946307737712,0,0.03333333333333333
C94012,A011,email,billing,low,0.45233288649491366,4.092266794675735,1,0.03333333333333333
C72957,A011,email,sales,high,0.4465135652918727,4.030721915797658,1,0.03333333333333333
C53904,A011,email,technical,high,0.7895072485843384,3.747545544546334,1,0.03333333333333333
C91228,A011,email,technical,low,0.7224220411731612,3.6965522709400247,1,0.03333333333333333
C16724,A011,email,general,high,0.2427154901986353,4.559133136798884,1,0.03333333333333333
C90425,A004,chat,billing,low,0.2271891943901389,4.885183426301527,0,0.03333333333333333
C92085,A004,chat,billing,medium,0.10778490913894359,5.234720856809556,0,0.03333333333333333
C70743,A004,chat,billing,low,0.10532237608393624,5.603108857002722,0,0.03333333333333333
C47580,A027,email,technical,low,0.21053695142467765,5.496404134076928,1,0.03333333333333333
C28216,A024,email,billing,low,0.08804894241631205,8.15065427551335,1,0.03333333333333333
C22148,A027,email,general,medium,0.03445193909475587,8.587952435612918,1,0.03333333333333333
C98242,A027,email,sales,medium,0.5479651090225404,3.2062604766220777,1,0.03333333333333333
C91313,A027,email,sales,low,0.5439519103956063,4.1474717958833445,1,0.03333333333333333
C84151,A024,email,vip,high,0.09121886505549173,6.7939266503388,1,0.03333333333333333
C47862,A020,chat,sales,medium,0.0,10.95671300420494,0,0.03333333333333333
C31144,A026,chat,vip,low,0.516566144830038,3.8551899232941267,0,0.03333333333333333
C72925,A026,chat,vip,low,0.15115709957321977,3.1261717169017524,0,0.03333333333333333
C77658,A020,chat,technical,high,0.2222068031396196,8.980084963185224,0,0.03333333333333333
C59298,A020,chat,technical,medium,0.0,8.848772367254366,0,0.03333333333333333
C20717,A026,chat,billing,medium,0.3787268308289247,2.529807481526061,1,0.03333333333333333
C73367,A005,email,vip,high,0.4892371717145545,11.290635401283403,1,0.03333333333333333
C33397,A005,email,general,medium,0.16336880696904738,9.553850573493492,1,0.03333333333333333
C88733,A010,chat,general,vip,0.42653333459688625,6.855597178293717,0,0.03333333333333333
C37909,A005,email,general,medium,0.22955466650827197,12.022580291932554,1,0.03333333333333333
C24096,A010,chat,technical,low,0.14846094062726428,5.161550324063838,0,0.03333333333333333
C14441,A010,chat,sales,high,0.32409411792137,6.047331979516596,0,0.03333333333333333
C16185,A005,email,billing,low,0.20861836325396144,13.02003424422823,1,0.03333333333333333
C20394,A005,email,technical,high,0.6641939315398115,4.673065193549201,1,0.03333333333333333
C22725,A007,chat,general,low,0.1596771597462579,14.2573937081993,0,0.03333333333333333
C55934,A007,chat,technical,low,0.38467162786125,7.69014919751184,0,0.03333333333333333
C78645,A007,chat,sales,medium,0.36905215668824237,8.241321895695835,0,0.03333333333333333
C50157,A028,chat,sales,low,0.0,6.604647019139541,0,0.03333333333333333
C94955,A028,chat,vip,low,0.0533149506292224,7.272624810116494,0,0.03333333333333333
C44559,A028,chat,billing,medium,0.13155225387440939,6.987134691166128,0,0.03333333333333333
C23141,A016,chat,billing,vip,0.6324349060125043,9.245148612497445,0,0.03333333333333333
C70506,A016,chat,general,low,0.3380812738459533,9.435946809381337,0,0.03333333333333333
C29571,A016,chat,general,high,0.5015557497994336,10.89760802579537,0,0.03333333333333333
C17447,A022,email,sales,low,0.13672346229072355,9.922736787034095,1,0.03333333333333333
C37675,A024,chat,vip,low,0.0,6.676574948296997,0,0.03333333333333333
C69942,A022,email,sales,medium,0.1314825450692497,7.904259864024796,1,0.03333333333333333
C64410,A024,chat,billing,medium,0.20780761523456423,4.776881042645867,0,0.03333333333333333
C71370,A022,email,billing,high,0.07974513228171659,9.528960097074334,1,0.03333333333333333
C26793,A024,chat,billing,low,0.017698752430597153,5.357942615546856,0,0.03333333333333333
C50391,A022,email,technical,vip,0.3757827591055234,8.125078230560892,1,0.03333333333333333
C50284,A022,email,sales,medium,0.10651736655350301,9.597120557753636,1,0.03333333333333333
C66886,A006,email,vip,vip,0.9058352540987653,5.068226430374083,1,0.03333333333333333
C96017,A027,email,billing,high,0.20364792480199065,6.948185360646677,1,0.03333333333333333
C69140,A027,email,technical,high,0.3146167382893903,8.088697269954254,1,0.03333333333333333
C40801,A027,email,billing,low,0.017166155344263287,7.440135068430225,1,0.03333333333333333
C51636,A027,email,general,low,0.0,9.399602586683667,1,0.03333333333333333
C18105,A027,email,sales,low,0.4051468420749286,3.081659418512324,1,0.03333333333333333
C51978,A006,email,billing,high,0.5790804092242638,13.655258514543846,1,0.03333333333333333
C22245,A006,email,technical,low,0.2450332400717809,10.984194786107615,1,0.03333333333333333
C91790,A006,email,billing,high,0.5044553862954698,13.826656517678199,1,0.03333333333333333
C48875,A006,email,sales,low,0.24817015317602537,12.35551470001202,1,0.03333333333333333
C76253,A021,email,general,low,0.11994041842456638,5.5448172327165395,1,0.03333333333333333
C87648,A021,email,general,low,0.19577497767158325,3.6765873001364993,1,0.03333333333333333
C16345,A021,email,vip,high,0.2572029035908136,4.700030820664778,1,0.03333333333333333
C77007,A021,chat,sales,high,0.16254322362247658,4.6236800262586515,0,0.03333333333333333
C53750,A021,chat,vip,high,0.31370351512416517,6.037859671328683,0,0.03333333333333333
C54574,A027,chat,technical,high,0.0,8.00216614489371,0,0.03333333333333333
C77407,A027,chat,technical,high,0.15646528170325555,6.461173658878717,0,0.03333333333333333
C25858,A021,chat,general,low,0.21675295243967457,3.983845313591367,0,0.03333333333333333
C26534,A027,chat,technical,low,0.0,7.371783354516169,0,0.03333333333333333
C35388,A021,email,technical,high,0.5491865878300094,2.475235127288811,1,0.03333333333333333
C99514,A021,email,general,high,0.19589715460411616,4.3377195895646095,1,0.03333333333333333
C15485,A012,email,technical,high,0.37187615857860723,13.364369514545423,1,0.03333333333333333
C39122,A012,email,technical,low,0.05426803796027646,13.873444518770603,1,0.03333333333333333
C38459,A012,email,technical,low,0.32200000367087944,11.785600930329286,1,0.03333333333333333
C41923,A012,email,vip,low,0.706695967447497,6.555483040550978,1,0.03333333333333333
C49219,A012,email,general,low,0.4140361125859867,10.518009537246334,1,0.03333333333333333
C86268,A016,email,billing,low,0.568550277398054,6.3693304317134185,1,0.03333333333333333
C70326,A013,email,general,medium,0.3026242206945435,9.808560820986862,1,0.03333333333333333
C82612,A013,email,billing,high,0.7141099259081073,5.024737607749872,1,0.03333333333333333
C16798,A016,email,sales,low,0.2275370426481425,14.275851774119259,1,0.03333333333333333
C22363,A016,email,sales,medium,0.3670538837112601,15.694756256450273,1,0.03333333333333333
C75245,A013,email,sales,high,0.5850395016649492,9.66407165928136,1,0.03333333333333333
C72379,A013,email,technical,medium,0.6692967742059452,6.770666308455228,1,0.03333333333333333
C81881,A013,email,vip,medium,0.21950465652370627,13.275005552691997,1,0.03333333333333333
C40479,A016,email,general,medium,0.4593680391961972,11.437133457087773,1,0.03333333333333333
C99847,A016,email,vip,low,0.2518475571702672,14.251133573531035,1,0.03333333333333333
C72238,A020,chat,technical,low,0.18768012577648674,9.804369375190218,0,0.03333333333333333
C22492,A020,chat,sales,vip,0.15496009597298047,9.275515473339215,0,0.03333333333333333
C41044,A020,chat,general,medium,0.7646231778857592,3.6565830192420594,0,0.03333333333333333
C86248,A010,email,general,medium,0.2727648459598899,9.412740678888541,1,0.03333333333333333
C61370,A010,email,technical,medium,0.3283326961063029,5.672014438816998,1,0.03333333333333333
C78762,A010,email,general,low,0.22424475281704426,6.518734195656798,1,0.03333333333333333
C16435,A010,email,general,vip,0.3593158852109376,5.768851485267278,1,0.03333333333333333
C82684,A010,email,billing,high,0.27292500828645305,4.7827951331370695,1,0.03333333333333333
C38138,A009,chat,technical,low,0.0,6.361565932504093,0,0.03333333333333333
C77061,A009,chat,technical,low,0.04631635123456056,7.90030178094636,0,0.03333333333333333
C37512,A009,chat,technical,medium,0.03512024844327319,5.820992708628516,0,0.03333333333333333
C31301,A024,email,billing,medium,0.10809556872415202,6.068666857675485,1,0.03333333333333333
C62363,A024,email,sales,low,0.7033973133983532,3.5006993315754324,1,0.03333333333333333
C77773,A024,email,sales,low,0.5343820662055635,3.734731363745054,1,0.03333333333333333
C22395,A024,email,general,low,0.23651258966553124,5.989767869951267,1,0.03333333333333333
C87048,A024,email,vip,vip,0.18061388992903243,8.990393956371099,1,0.03333333333333333
C57094,A023,chat,general,high,0.3466813813883529,13.100948452512453,0,0.03333333333333333
C62658,A023,chat,technical,medium,0.2900376898706496,10.805156884856647,0,0.03333333333333333
C99062,A019,chat,vip,high,0.0,7.038982118542456,0,0.03333333333333333
C62421,A019,chat,technical,medium,0.2652236849050135,6.507739711813912,0,0.03333333333333333
C96636,A023,chat,technical,medium,0.17802258557671846,8.183042946651842,0,0.03333333333333333
C62848,A019,chat,vip,low,0.0,9.05163166002862,0,0.03333333333333333
C66767,A026,chat,general,low,0.2765059440619628,3.1438541591109943,0,0.03333333333333333
C36538,A029,email,vip,high,0.26437930398895987,12.080287627779557,1,0.03333333333333333
C84182,A002,email,sales,low,0.41301774845242967,6.054809818193046,1,0.03333333333333333
C79553,A026,chat,general,medium,0.01472813006505097,3.0712825805056485,0,0.03333333333333333
C62400,A026,chat,billing,medium,0.4878031546793726,3.278110693760473,0,0.03333333333333333
C32962,A002,email,technical,medium,0.20916080463136522,11.995472653277591,1,0.03333333333333333
C31616,A002,email,technical,high,0.13987869238461215,14.159381251937036,1,0.03333333333333333
C42000,A029,email,general,high,0.6762859603536246,6.628186364426868,1,0.03333333333333333
C98998,A029,email,sales,low,0.635540182613874,4.146617508725375,1,0.03333333333333333
C70285,A029,email,sales,low,0.5232510119393035,5.3486642951797005,1,0.03333333333333333
C31547,A002,email,technical,low,0.04996795076827624,12.720504228103184,1,0.03333333333333333
C54651,A003,chat,general,medium,0.20885339960799185,9.793574871899084,0,0.03333333333333333
C65932,A008,chat,sales,low,0.23303429347115473,6.822676102477183,0,0.03333333333333333
C15193,A003,chat,technical,high,0.3599020458477563,10.685376769233264,0,0.03333333333333333
C49562,A003,chat,billing,low,0.10892188466199784,9.197070509217573,0,0.03333333333333333
C18200,A008,chat,sales,medium,0.1324675849254861,5.567523799180505,0,0.03333333333333333
C15954,A008,chat,general,low,0.6892734966754965,3.339857095227011,0,0.03333333333333333
C35779,A018,chat,general,high,0.030159176130550483,11.334356537204297,0,0.03333333333333333
C86325,A007,email,general,low,0.3205518990839026,10.640938192649138,1,0.03333333333333333
C61970,A018,email,general,vip,0.11344649824815561,9.25906051159933,1,0.03333333333333333
C96112,A018,email,general,low,0.09265657292146935,8.608071028542335,1,0.03333333333333333
C94783,A018,email,sales,medium,0.11189686652738345,8.636100095631642,1,0.03333333333333333
C87469,A007,email,general,high,0.36854130618255065,12.474143823324415,1,0.03333333333333333
C66703,A018,chat,vip,high,0.4140499336371451,6.8917531105278815,0,0.03333333333333333
C14851,A007,email,billing,vip,0.35318540081286737,10.28910176073093,1,0.03333333333333333
C10478,A018,chat,general,low,0.0,8.68768268287249,0,0.03333333333333333
C69554,A012,chat,sales,low,0.40150189393479435,11.828656742497506,0,0.03333333333333333
C48180,A014,email,billing,low,0.0,8.123187767032498,1,0.03333333333333333
C43567,A007,email,general,medium,0.19993673386542432,8.787001408549317,1,0.03333333333333333
C19313,A014,email,sales,vip,0.3291582376700098,8.987260785697167,1,0.03333333333333333
C78422,A018,email,vip,medium,0.3656664831588993,6.438462893967245,1,0.03333333333333333
C47704,A012,chat,billing,low,0.19129022949962468,10.426546643980473,0,0.03333333333333333
C63677,A012,chat,vip,medium,0.7498699116388229,5.598928291812519,0,0.03333333333333333
C81376,A000,chat,sales,low,0.01045417069400792,7.551286371255462,0,0.03333333333333333
C47205,A000,chat,vip,low,0.0,9.011350816851841,0,0.03333333333333333
C70750,A000,chat,vip,vip,0.25137593088473764,7.798806581203133,0,0.03333333333333333
C73872,A014,email,billing,high,0.2565295489923667,11.074534587472453,1,0.03333333333333333
C42633,A014,email,sales,low,0.1544281976586442,10.568880914225765,1,0.03333333333333333
C35551,A014,email,technical,low,0.09958984480607441,9.290767815931305,1,0.03333333333333333
C88225,A014,email,general,low,0.2402809398573018,9.98398459264713,1,0.03333333333333333
C29874,A014,email,sales,vip,0.3211125428362861,8.965712711412365,1,0.03333333333333333
C53711,A001,email,billing,low,0.06369254982047744,14.458763217041954,1,0.03333333333333333
C23829,A001,email,general,low,1.0,3.9081380975603164,1,0.03333333333333333
C37491,A001,email,sales,low,0.1530774507165928,9.872471393936701,1,0.03333333333333333
C17123,A001,email,technical,low,0.1735927176219815,11.521765420301088,1,0.03333333333333333
C69737,A001,email,billing,high,0.32612935790749226,13.33087218651907,1,0.03333333333333333
C73266,A011,chat,general,medium,0.36266362130348684,7.350621398404233,0,0.03333333333333333
C51754,A029,chat,billing,low,0.3667811486046527,8.48006865539262,0,0.03333333333333333
C48866,A011,chat,technical,low,0.6709804818363039,1.9658032753373784,1,0.03333333333333333
C52220,A029,chat,technical,high,0.37330216959210005,8.513656829966582,0,0.03333333333333333
C71378,A011,chat,billing,high,0.4409858628538014,5.713856303461297,0,0.03333333333333333
C81570,A029,chat,sales,low,0.6769367860908453,5.923760157543432,0,0.03333333333333333
C75550,A015,chat,billing,medium,0.6952912215738233,7.881279230921213,0,0.03333333333333333
C74845,A015,chat,billing,medium,0.6605662042165973,7.286717269095425,0,0.03333333333333333
C73131,A015,chat,billing,low,0.6573876182883363,9.475762799904818,0,0.03333333333333333
C25191,A017,email,general,low,0.0934094523220638,3.9929263444210115,1,0.03333333333333333
C98702,A017,email,sales,low,0.1439708052650836,3.530316174045587,1,0.03333333333333333
C31006,A003,email,billing,medium,0.19823260677191842,8.444896119191506,1,0.03333333333333333
C21757,A029,chat,technical,medium,0.08143020808356052,9.864494643015627,0,0.03333333333333333
C30878,A017,email,technical,low,0.13606423946631824,4.764233581232048,1,0.03333333333333333
C39984,A017,email,general,low,0.2278782735511941,3.9411959202498332,1,0.03333333333333333
C45980,A029,chat,vip,high,0.04757516597624914,8.788277714753583,0,0.03333333333333333
C90152,A017,email,general,low,0.28820036392948434,3.9897399862755822,1,0.03333333333333333
C73150,A029,chat,vip,medium,0.26149376692039317,8.93560524496135,0,0.03333333333333333
C86971,A007,chat,general,low,0.11871732360454419,10.27167615375565,0,0.03333333333333333
C73406,A007,chat,sales,medium,0.31656401588880806,9.687745000981018,0,0.03333333333333333
C99688,A003,email,vip,low,0.5760743710811203,4.109279615783785,1,0.03333333333333333
C46281,A003,email,general,vip,0.11155674314199471,8.35756220609085,1,0.03333333333333333
C57995,A007,chat,vip,high,0.4167235281285657,8.826391672661657,0,0.03333333333333333
C12361,A003,email,sales,medium,0.39083503996132785,5.172583298111056,1,0.03333333333333333
C12300,A003,email,vip,medium,0.6143737619608091,4.990125867170069,1,0.03333333333333333
C55439,A009,email,technical,low,0.08883978253971923,7.6764804952720676,1,0.03333333333333333
C15949,A021,chat,general,medium,0.16739404442601713,4.1227953317355235,0,0.03333333333333333
C11776,A009,email,technical,medium,0.1043005961531664,7.609535030031193,1,0.03333333333333333
C53964,A009,email,general,low,0.10266871455347659,8.018834353271712,1,0.03333333333333333
C53900,A009,email,vip,medium,0.2832058792324278,6.18154788200245,1,0.03333333333333333
C36506,A009,email,general,low,0.09272659385082654,8.57475338821366,1,0.03333333333333333
C17675,A021,chat,vip,low,0.30690053655101546,5.92086636729999,0,0.03333333333333333
C83947,A021,chat,general,medium,0.16607920217137506,5.136852496158213,0,0.03333333333333333
C69795,A021,email,vip,medium,0.29250129576026174,5.140503268107244,1,0.03333333333333333
C11260,A021,email,vip,high,0.17139222526351314,3.7675404656658715,1,0.03333333333333333
C89516,A021,email,general,low,0.1884647894118208,4.858724434516389,1,0.03333333333333333
C38885,A021,email,technical,low,0.4443981508296831,2.8608843879080164,1,0.03333333333333333
C68263,A021,email,sales,low,0.12933437898452835,3.5987205178105044,1,0.03333333333333333
C66798,A002,chat,vip,vip,0.28383814913023964,14.575154633255963,0,0.03333333333333333
C80576,A002,chat,sales,low,0.6627256788774215,7.836664405020398,0,0.03333333333333333
C88869,A002,chat,technical,vip,0.06491875504669664,12.92180576787671,0,0.03333333333333333
C55941,A013,chat,vip,medium,0.24650499452178776,17.47570686447285,0,0.03333333333333333
C61579,A013,chat,vip,medium,0.09019463954016908,13.169286889728308,0,0.03333333333333333
C81620,A013,chat,sales,low,0.4845446882503192,9.573041050924488,0,0.03333333333333333
C61907,A018,chat,general,low,0.0,10.664911857177295,0,0.03333333333333333
C17243,A018,chat,sales,low,0.09617756792151144,9.263673099771289,0,0.03333333333333333
C95399,A018,chat,general,low,0.07120748892984284,7.831757398401542,0,0.03333333333333333
C93795,A000,chat,vip,high,0.0,8.128319237857054,0,0.03333333333333333
C43427,A000,chat,vip,low,0.061549164570358354,7.7558712159563425,0,0.03333333333333333
C92739,A000,chat,billing,high,0.439582805795078,6.885598860544379,0,0.03333333333333333
C68274,A024,chat,vip,high,0.0,6.216792790701158,0,0.03333333333333333
C87301,A028,chat,billing,low,0.04479448547487164,7.462875682927527,0,0.03333333333333333
C96135,A024,chat,billing,medium,0.32350473681206565,7.593550439126383,0,0.03333333333333333
C67307,A024,chat,billing,low,0.19158634945626946,6.329029615125049,0,0.03333333333333333
C82345,A028,chat,vip,high,0.26844130431002056,9.554142101530656,0,0.03333333333333333
C11046,A028,chat,sales,high,0.0,10.52223726844243,0,0.03333333333333333
C63544,A012,email,technical,low,0.0,11.285456652116881,1,0.03333333333333333
C22035,A003,chat,technical,high,0.13966807266456752,11.630356887410695,0,0.03333333333333333
C34867,A003,chat,technical,low,0.0,10.622309654531882,0,0.03333333333333333
C18364,A003,chat,general,high,0.12243625636650801,9.368833146496598,0,0.03333333333333333
C75814,A025,chat,general,low,0.04547704173524518,8.90844009482942,0,0.03333333333333333
C13528,A025,chat,sales,high,0.0,8.261317800136602,0,0.03333333333333333
C51635,A012,email,general,medium,0.38917426423768187,14.168488272253352,1,0.03333333333333333
C63574,A025,chat,technical,low,0.06138853656627067,11.263595860266772,0,0.03333333333333333
C41127,A012,email,general,medium,0.3930631445376275,9.862435127238845,1,0.03333333333333333
C29506,A012,email,billing,low,0.203073122179708,12.941869504162549,1,0.03333333333333333
C94428,A012,email,sales,medium,0.5073069518652544,8.29992111622527,1,0.03333333333333333
C31543,A017,chat,general,medium,0.0,4.487916130687349,0,0.03333333333333333
C74810,A017,chat,technical,low,0.0,5.579635834514614,0,0.03333333333333333
C24347,A017,chat,technical,high,0.1489889038791002,4.836512025720454,0,0.03333333333333333
C66949,A023,email,technical,medium,0.3191902362199607,13.786997519545139,1,0.03333333333333333
C66669,A021,chat,billing,low,0.2504063404009325,4.814230164524709,0,0.03333333333333333
C27160,A023,email,technical,low,0.21445523538528272,9.900920787809815,1,0.03333333333333333
C24896,A023,email,general,medium,0.18234005682144175,10.326569182329115,1,0.03333333333333333
C79380,A016,chat,billing,low,0.6229824581086822,5.660557882178025,0,0.03333333333333333
C23719,A021,chat,technical,medium,0.3327343294530206,3.172037021909494,0,0.03333333333333333
C99905,A023,email,technical,medium,0.1803116184191324,10.628456117772796,1,0.03333333333333333
C75183,A023,email,billing,medium,0.34772176056696646,7.089973520789026,1,0.03333333333333333
C32090,A016,chat,billing,medium,0.48633550737000897,6.468305231655286,0,0.03333333333333333
C30596,A021,chat,sales,low,0.12714639621304027,6.168422502006091,0,0.03333333333333333
C42226,A016,chat,billing,high,0.6102775159601843,5.0824119157534575,0,0.03333333333333333
